Emote,Global emote,Channel emote,embedding
Gayge,TRUE,FALSE,"[-3.37206700e-02  3.80156040e-01  6.06820340e-01 -4.56055760e-01
  3.76460050e-01  5.39094900e-01  9.99747200e-01  7.12787600e-01
 -6.45515140e-01 -3.43339300e-01 -1.15315890e+00 -2.93419960e-01
 -2.93072070e-01  1.20117660e-01  1.29502820e+00  1.10862860e-01
  5.48172700e-01  3.11908720e-01  1.58058690e+00 -3.09202080e-01
 -1.27758610e+00  1.59475180e-01  6.95956600e-01 -4.17327900e-01
  1.31156880e-01 -2.08081540e-01  4.98702400e-01  5.78100500e-01
 -2.58818500e-01  1.23826460e+00  4.52411650e-01  3.32316250e-01
 -3.32977860e-01 -4.07840160e-01  6.39425600e-01  2.57914630e-02
  3.80488600e-01  2.82907130e-01  5.80577800e-01  1.20317146e-01
 -3.85788650e-01 -5.43688600e-02  8.98294400e-01 -8.84792030e-01
  5.17744660e-01 -1.38409210e+00  5.09190560e-01  2.46646670e-01
  9.49974700e-01 -5.65495250e-01 -2.49869230e-01  1.94895790e-01
  5.82316220e-02  5.85393500e-01  5.98788140e-01  3.55635340e-01
  4.02278780e-01 -7.37673800e-01 -5.10361800e-01 -1.81142520e-01
  3.50445030e-01  1.33205700e+00  3.27778640e-01 -4.42842500e-01
 -3.67009130e-01  2.24137550e-02 -2.46849900e-01  6.59265400e-02
 -1.61948920e-01 -1.52005020e+00 -9.64160740e-01 -7.42440900e-01
 -1.52979500e-01  7.98009340e-01 -1.36332690e-01 -1.57963350e-01
 -4.15321350e-01 -5.98108400e-01  3.54469450e-01 -4.50558140e-02
 -3.01119450e-01 -3.72981500e-01  6.03001900e-01 -1.70437120e+00
  1.27095800e+00  8.04958100e-01 -8.81814400e-01  6.69425800e-01
 -2.77199860e-01  2.11671870e-01 -2.65511360e-01  3.36311400e-01
  3.51473900e-01 -2.17671470e-02 -4.67776240e-01 -6.81148200e-01
 -3.93945540e-03 -1.42852990e+00  1.20624500e-01  4.76160470e-01
 -5.81163050e-01  3.78490900e-01 -1.67116150e-01  5.26691300e-01
  3.08500470e-01  5.16483860e-02  2.08922700e-01 -5.60109500e-01
 -9.91035760e-01  2.74707400e-01  9.57114700e-01 -9.79395400e-02
 -8.41471200e-01  5.58851000e-01 -5.93061450e-01  5.13756500e-01
  7.41397000e-02 -3.55081650e-01 -3.58904630e-01  2.16495350e-01
 -5.55371300e-01  9.40134150e-02  2.10748330e-02 -4.17214960e-01
  3.30752700e-01  1.42984290e-01 -5.39472100e-02 -4.96526360e-01
  2.75588950e-02  9.48298500e-01  1.10832730e+00 -5.17095000e-01
 -2.50417700e-01 -1.56755900e+00 -7.11773800e-01 -1.06549120e-01
  2.00976060e-01 -6.52088460e-01  1.91929820e-01 -2.34695300e-01
 -1.67158160e+00 -9.66188500e-01  9.60043000e-02  8.72721000e-02
 -5.39575340e-01  2.40799770e-01  5.45743600e-01 -9.19152260e-01
  9.94365930e-01 -1.65362100e-02 -6.32845760e-01  9.72530500e-02
  3.71114540e-02 -2.91510670e-01 -1.74148000e-01 -1.46073580e-01
  3.93233780e-01  4.06013280e-01 -1.69725540e-01  1.95646060e-01
  5.99289200e-02 -5.55031060e-01  1.21517160e+00  4.12955250e-01
  4.63975760e-01  7.94029600e-01 -5.58881500e-01  6.77352130e-01
 -6.29685300e-01  1.36627440e-01 -1.25352580e-01 -6.57449960e-01
 -5.29236600e-01  9.18266550e-02  1.56886090e+00 -3.40678900e-01
  3.23172540e-01 -3.96595120e-01  3.40854900e-01  1.75353750e-01
  8.80044460e-01  5.75493700e-01 -8.09333440e-01 -3.97679180e-01
  1.98801300e-01  5.94074300e-01  1.61022260e-01 -6.44317270e-01
 -6.16492870e-01  2.65662850e-01 -6.73596700e-01 -1.83389170e-02
 -1.39513920e+00 -1.88537270e-01  8.33963500e-03  2.11334800e-01
  7.74029100e-02  7.88089400e-01 -4.10343770e-01  5.45766530e-01
  2.60932480e-01 -6.19932900e-01 -5.22678800e-01  2.85507000e-01
 -6.38313740e-02  4.28753850e-01  3.73301660e-01 -1.10725590e+00
 -5.79173300e-01  2.54005070e-01 -1.16411220e+00  2.89163440e-02
  1.01226620e-01  2.20983800e-01 -2.98267000e-01 -1.88693080e-01
  1.57693270e-01 -1.39440330e+00 -5.78695400e-01  6.49984200e-02
  5.79631870e-01  5.80930000e-01  4.54017640e-01 -3.38508580e-01
 -1.59020970e+00 -5.03998200e-01  4.31793570e-01 -8.97281700e-01
  2.75605620e-01  2.75019760e-01  1.02213990e+00  2.91785060e-01
  4.43076670e-01  5.90457000e-01 -6.21046600e-02  2.54358320e-01
 -5.07581800e-01 -5.44270700e-01  7.17234900e-01  2.60566560e-01
  1.98058600e+00  2.60651230e-01 -4.75638570e-01 -3.62861870e-01
  4.89168800e-01 -4.23310280e-01  4.22694440e-01  2.29996300e+00
 -6.80014970e-01 -4.47041030e-01  5.52111960e-05  7.79421400e-01
  1.38067080e+00  8.14935600e-01  1.02235430e-01 -1.59732360e-01
  9.57720000e-01 -4.02394300e-02 -6.26987000e-03 -5.16472700e-01
 -9.73469600e-02  7.66159530e-01 -5.87637870e-02 -2.09659600e-01
  5.25524200e-02  6.50149800e-01 -2.21023620e-01  5.79121600e-02
  1.31581740e-01 -9.90889000e-01  1.10672270e+00  1.97226320e-01
 -3.79294160e-01  2.24992930e-01 -2.97957700e-01  9.10052500e-01
 -7.43973700e-01  1.51133780e+00 -1.58348080e-01  1.85569820e-01
 -6.38003350e-01  4.55015300e-01 -1.19423680e-01 -7.62353060e-01
 -3.70963660e-01 -2.69965800e-01  5.97320700e-01 -4.91006500e-01
  1.64218800e+00 -2.44471360e-01  6.87562700e-02  6.91232400e-01
 -1.55303820e-01 -1.51907470e+00 -1.21018890e+00  1.08191820e+00
 -6.23017300e-01  1.61639380e-01 -5.85033800e-01 -3.31729860e-01
 -2.93844670e-01 -7.83522000e-01  6.26821760e-01 -1.53982590e+00
 -3.23424230e-02 -6.91999000e-02 -4.52465740e-01  7.84816100e-01
  1.97726190e-01  2.13622640e-01 -1.04150040e+00 -1.83909800e-01
 -6.63925100e-02  7.20475800e-01 -1.10707740e+00 -4.77710660e-01
 -9.09559300e-01 -4.21452300e-01  3.61726950e-02 -1.62812600e+00
  4.22879760e-01  1.74656220e+00  1.39144670e+00 -6.84254500e-01
  3.56084440e-01  6.28411100e-01 -1.05767300e+00  9.61869900e-02
  6.34886500e-01 -2.33727220e-01 -2.01118450e+00 -2.72402670e-01
 -5.82714400e-01 -3.70736270e-01  6.96863500e-01 -2.43256360e-01
 -9.71576630e-01  6.82403270e-01 -5.15024200e-01 -5.67212160e-01
  1.32285690e+00 -4.21398940e-01 -7.65454230e-01  2.44077950e-02
 -5.82569430e-02 -1.46654220e-01  1.02305100e+00 -9.84072600e-03
 -2.79176680e-01 -8.38266600e-02  5.51542160e-01 -1.60767520e+00
  9.52024340e-01  1.36356380e+00  6.47649500e-01 -1.53216320e-01
 -9.59870700e-01 -1.61480100e+00 -5.53340800e-01  1.40151390e-02
  3.90628800e-01  1.27787840e+00 -1.49151050e+00 -3.56336740e-01
 -9.86061800e-01  6.33544800e-01 -2.36127960e-01 -4.37781300e-01
 -5.22512870e-02  9.47364700e-02 -3.25583040e-01  1.99472780e-01
  6.77611770e-01 -7.54624100e-01 -4.58756060e-01  8.03804900e-01
 -1.46688880e-01 -2.34482590e-01  8.03582500e-01 -2.49038320e-01
  3.01410700e-01 -7.52862700e-02  8.70439700e-01 -5.16005340e-02
 -3.72041370e-01  7.66265000e-02  1.00382830e+00 -7.77733000e-01
  9.36988700e-01 -8.37363700e-01  4.50488060e-01 -1.05623190e+00
  1.03410610e+00  1.48681580e-01 -3.58359580e-01  8.30442000e-01
  1.06216240e-01  1.29371520e+00 -1.07266130e+00  1.58929770e-01
  1.12340340e+00  4.31073130e-01  6.50164200e-01 -4.38192900e-01
  4.93600520e-01  8.34104700e-01  2.31840660e-01 -6.67012300e-01
  6.63795300e-01  1.55066250e+00  1.43492950e-01 -4.95312300e-02
 -1.05066620e-02  4.05744900e-01 -1.30567560e+00  9.88773800e-02
 -6.98882800e-02  3.59597600e-01 -8.25759800e-02  2.39028660e-01
  9.33303460e-02  2.27116170e-01 -1.05572070e-02 -1.28874850e-01
  1.28689530e-01 -5.74905800e-01  4.46963130e-01  4.03180660e-01
  1.55886750e-01 -7.17282600e-01  4.23251280e-02  7.13206900e-01
  3.89579420e-01 -1.30160850e-01  3.70805900e-01  3.38040400e-01
 -1.05301370e+00 -9.20223600e-01  9.10896900e-01 -7.04768900e-03
  5.10124300e-01  8.70569170e-01 -3.17646980e-01 -5.85922360e-01
  8.13448200e-02  2.98155800e-01 -6.92800700e-01  1.71704160e-01
 -6.13832650e-01 -2.48559920e-02 -6.05100150e-01  8.93733700e-02
  7.36053470e-01  9.20083000e-01  2.11310860e-01  7.29174500e-01
  1.31732150e-01 -9.50442300e-01  1.60340740e+00 -4.64520700e-01
  1.59162200e-01 -6.06054600e-01  2.99351870e-01  4.08442970e-01
 -3.97655870e-01 -1.68002000e-01  8.52138040e-01 -1.59337500e-01
  9.52151700e-03 -4.71059770e-01  1.71733140e-01 -3.16625500e-01
  9.90386300e-01 -7.67462430e-01  2.41926330e-01 -1.26220950e+00
  4.47033300e-01 -8.21128950e-03  2.49211460e-01 -4.04644850e-01
  5.07971050e-01  4.21210400e-02  1.61212600e-01  1.67940390e-02
  3.17612980e-01 -7.60313000e-01  4.48227800e-01 -5.21166500e-02
  3.21410240e-01 -4.18120030e-01 -2.58097330e-02  6.70503140e-01
 -7.38671000e-01 -5.03124540e-01 -6.78474200e-02 -1.27235410e-01
 -1.42359110e-01  3.30771770e-01  9.02520900e-01 -9.32121700e-01]"
Wokege,FALSE,HasanAbi,Does not exist
Sussy,FALSE,HasanAbi,Does not exist
pepeMeltdown,FALSE,HasanAbi,Does not exist
monkaS,TRUE,FALSE,"[ 3.88217840e-01  7.30623100e-01  4.28267800e-01 -3.11052950e-01
 -9.67082560e-01  3.29506870e-01 -3.43597100e-02 -3.49687400e-01
 -1.42079890e+00 -1.40594880e+00 -1.03647090e+00 -8.86720660e-01
  6.38975500e-01 -1.01640580e+00 -5.74641200e-01  3.32100780e-03
  4.48056980e-02  1.06827270e+00 -2.53842790e-02  4.75050550e-02
 -4.47200120e-01  5.23400380e-02  1.06211300e+00 -3.04951600e-01
 -1.93498850e-01 -4.80086650e-01 -6.75121700e-02  4.18969930e-01
  2.77819450e-01 -4.51132500e-02  2.07844050e-01  6.11360800e-01
 -3.77349900e-01  1.73767520e-01  5.21790500e-01 -7.40560400e-01
 -4.05213000e-01  6.95746400e-01 -5.83159570e-01 -2.28179900e-02
 -7.78148530e-01 -1.20367150e-01  2.84482840e-01  3.56878970e-01
 -1.57803800e-01 -1.48223820e+00 -1.37662290e-01  1.56045660e-01
  4.49777480e-01  1.90440830e-01 -6.56272300e-01  5.91200600e-01
  9.25348640e-01  1.10168540e+00 -3.69618600e-01 -1.78156870e-01
 -2.31772800e-01 -8.80675900e-01 -7.82926900e-02  2.30253380e-01
  3.81686480e-01  7.07510100e-01 -4.79831100e-01  5.13094540e-01
 -1.92709280e-01  2.20177350e-01  1.24025255e-01 -3.29143300e-01
  1.16520630e+00 -6.97489740e-01  9.10846600e-01  1.05700410e+00
  4.32782230e-01  3.31846680e-01  4.21317850e-01 -8.40309860e-01
 -3.86622100e-01 -7.75316300e-01 -1.15288500e+00  6.36824700e-01
  1.24951820e+00 -1.08493190e+00  1.97628810e-01 -1.00174920e+00
  1.77605460e+00  1.06235810e+00 -3.85799940e-01  4.52854420e-01
  1.11839970e+00 -5.09016500e-01 -5.89832500e-01  1.24158980e+00
  6.83730100e-01  1.39010220e-01  1.19436000e-01  6.74669740e-02
 -5.39164200e-01  4.11672500e-01 -1.24613240e+00  2.85150020e-01
  1.50064450e-01 -5.28295930e-01  2.57598580e-01  2.76478700e-01
 -9.12035100e-01  1.07621740e+00  8.66077800e-01 -6.20191630e-01
 -1.76286470e+00  2.75550880e-02  2.97027800e-01 -1.43276230e+00
 -1.80582430e+00  2.89763450e-01 -3.44484650e-03 -1.04260710e+00
  3.50576900e-02  3.15831360e-01  1.07815900e+00  1.30857780e-01
  2.24354200e-01  6.91811260e-01  1.84095800e-01 -1.13590920e+00
  9.93678200e-01  7.91027000e-01  2.02452800e-01 -1.90754120e-01
 -1.43736440e-01  6.33681100e-01  3.95411500e-01 -1.17828290e-01
  2.93972700e-01  9.42412700e-01  3.56285100e-01  8.18933100e-01
 -2.74076460e-01 -4.45566000e-02  2.33616430e-01 -1.71924080e-01
 -1.14515140e+00 -7.21557140e-01 -7.07126270e-03  5.49301100e-01
 -5.44230500e-01 -5.44322000e-01 -4.43066450e-01  2.90015490e-02
  9.63155300e-01  7.18200600e-01 -2.49862370e-01  8.63698070e-01
  1.11259630e+00 -2.27083070e-01  5.49136600e-01 -2.19319720e-01
 -4.08846100e-01  3.19012020e-01  5.90417400e-02  7.37557300e-01
  3.46625420e-01  1.60133200e-01 -6.04358800e-01  1.62300590e-01
  1.61674120e+00 -7.97206400e-01 -1.11509000e+00 -4.28319700e-01
 -1.67202070e+00 -5.37729400e-01  9.68663800e-02  9.17112100e-02
  5.66482100e-01 -3.23841800e-01  9.58489140e-04  1.92548670e-02
  2.87209490e-02 -8.71248900e-01 -3.39448180e-01  1.71475810e-01
 -6.70667200e-01  1.21935760e+00 -1.08656480e+00  4.38876300e-01
  9.25592060e-01  3.69292890e-01 -4.43809330e-01  3.19123500e-01
  4.07798140e-01  1.05096440e+00  4.39249070e-01 -2.13197920e-01
 -5.30183100e-01  6.36838140e-01 -6.41806500e-01 -1.03971280e+00
 -4.45681570e-01 -3.35036580e-01 -9.56797240e-01  1.90666540e+00
 -5.89345900e-02  1.00055470e+00 -3.09975860e-01  7.00704400e-01
  1.19833000e+00  4.36110730e-01  1.01862490e+00  2.44462370e-01
 -2.42534340e-01 -2.93060820e-02 -7.76717540e-01 -1.02560040e+00
  2.22741140e-01 -5.41009900e-01 -3.98567700e-02  1.85895160e-01
  1.09270290e+00  3.93393200e-01 -2.63197450e-01 -5.17616600e-01
  7.42299850e-01  4.50934830e-01  1.68182790e-01  4.48039230e-01
  5.19944370e-01  6.40395340e-01 -1.51015690e-02  2.57453200e-01
  1.00202230e-01 -2.89396700e-01 -6.73685300e-01  1.17445160e+00
 -2.05082730e+00  6.84161700e-01 -1.29716610e+00 -1.27736320e+00
 -9.77217500e-01  4.86108000e-02  1.05907820e+00  1.61066440e-01
  1.62807550e-01  1.14386260e+00 -6.13770070e-01 -1.44732040e-01
 -7.82313050e-01  1.06803830e-01 -2.47845470e-01  1.18837050e+00
 -8.09650540e-01  6.34005070e-01 -3.35717230e-01  4.73373980e-02
  5.18742800e-02 -3.60373820e-01  4.76341250e-01  5.11577700e-01
  2.86355600e-01 -8.57455550e-01 -3.51840470e-01 -6.06020800e-01
 -8.85403400e-01 -4.84070660e-01  3.07737850e-02 -3.17686830e-01
  1.30580840e-01 -3.50132320e-02 -9.40096900e-01 -1.85197980e-02
 -7.36348030e-01 -4.12724080e-01 -6.57245460e-01 -5.74582400e-01
 -2.58567840e-01  2.08231420e-01  3.86738120e-01  1.23304510e+00
  1.65084210e-01 -1.27954700e-01  3.06380720e-01 -4.67261100e-01
  3.35005020e-01  9.20765300e-01  1.17521610e+00  1.07851350e+00
  6.11037000e-02  8.65517900e-01  6.40167400e-01  2.70720450e-01
  7.31742140e-01  3.44299040e-02 -6.01998870e-01 -1.05991080e-01
  4.68476900e-01 -3.63208620e-01 -3.43651900e-01  1.94642320e-01
 -8.50360000e-01  7.87870470e-01 -1.88614980e-01  6.36322900e-01
  3.20867540e-01  7.62174000e-01  7.68507600e-01 -4.38147660e-01
  7.47109830e-01  7.88798870e-01  1.06901154e-01 -8.80407450e-01
 -2.48870800e-02 -3.24335660e-01 -3.31168000e-01 -5.53986900e-01
 -3.86383740e-01  7.04597600e-01 -1.38856800e-01  6.17251200e-01
 -5.41792150e-01  2.58029880e-01 -1.87646940e-01  7.63341370e-01
 -2.88069700e-02  3.80701360e-01 -2.14813100e-01  7.47272800e-01
 -2.03814570e-01  1.84759110e-01 -2.98769980e-01 -4.40236870e-01
  6.45756900e-01  9.73807900e-01 -1.22485170e+00  6.04900900e-01
  1.42938580e+00 -8.82662800e-01  2.78536350e-01 -8.56740800e-01
 -8.46634600e-01 -8.73547200e-01 -9.28539800e-01  3.12526940e-01
 -9.55353200e-02  3.67681440e-01 -7.60594760e-02  5.78009930e-02
 -6.70117200e-01  3.77491400e-01 -5.07361000e-01 -3.73949860e-01
  4.38775500e-01  3.23439870e-01 -7.29770960e-01 -1.55252120e+00
  5.58869500e-01  2.98999300e-01 -9.75378600e-01  5.46549800e-01
  6.22246040e-02 -4.73079870e-02  2.73554800e-02  1.04301920e+00
  1.12561630e+00  9.56608530e-01 -2.58479800e-03  1.46463350e-01
  1.58491220e-01  1.39038550e-01 -1.41453520e-01  7.12471700e-01
  2.09610760e-01  3.87766270e-01 -6.69557500e-01  1.32485890e-03
  2.37736340e-01  5.86419760e-01 -4.73100200e-01 -3.66178480e-01
  2.36220460e-01 -1.26975350e+00 -3.65608630e-01 -1.12649390e-01
 -1.58968360e-01 -4.90230700e-01  7.67078040e-01  1.39200210e-01
  2.06801770e-01  3.44437900e-01 -8.87427500e-02  3.10454200e-02
  1.16615960e+00  2.00944960e-01  1.30617210e+00  8.54659700e-01
  2.50728730e-01 -5.15505140e-01  2.41623390e-01  1.26377450e+00
  1.69613230e-01 -2.99843880e-01 -5.69427200e-01 -8.86400460e-01
 -1.67111770e-01  2.88278940e-01 -9.89724400e-01  3.08691650e-02
  4.94664130e-01  6.35824300e-01  4.41029370e-01 -6.57860860e-02
  1.24374930e+00 -1.92610060e-01 -1.29172620e-01 -9.06617640e-02
 -6.15311300e-01  6.28581200e-01  8.69067500e-03 -3.86858340e-01
 -5.77755100e-01 -6.30301500e-01 -5.50586400e-01  1.08130380e+00
 -5.86104330e-01 -1.56080990e-01 -1.63705860e-01  6.47609900e-01
 -3.12780900e-01 -1.21261800e-01 -2.14902130e-01 -6.30694200e-01
 -9.15169840e-01 -4.62075230e-01  1.71187970e-02  4.99504600e-01
 -1.26309780e-01 -2.03428570e-01  1.63270260e-01  5.97968640e-01
 -1.85306200e-01  3.41633740e-01 -5.72337900e-01  1.17679000e-02
 -2.87287460e-02  1.29524170e+00  6.49221300e-01 -1.05876625e-01
  1.02100520e+00 -1.14105940e+00 -3.88351400e-01 -1.03080380e+00
 -1.13154670e-01  3.25450200e-01  6.60356900e-02 -2.55978850e-01
  8.08978400e-01 -7.76471100e-02  1.12467160e+00 -6.10000250e-01
  9.30814800e-01  1.35156100e-01 -6.46557800e-02 -1.30238820e-01
 -1.48780980e+00 -4.81079580e-01  2.04357950e-01 -1.89688130e-02
 -1.46994590e-01 -1.25694730e+00 -8.04165700e-01  8.52488100e-02
  5.87459560e-01  4.50873170e-01 -1.81253150e+00  4.03741450e-02
  4.16571830e-01 -1.53245570e+00  1.53709020e-01  1.21417046e-01
 -1.43182200e-01  1.02258600e+00 -4.85169900e-01 -3.88149880e-02
 -1.72196870e-01 -2.74319560e-01  4.57949070e-01 -9.90488700e-02
 -8.62673460e-01  5.42282500e-02  9.35169340e-01  1.94117000e-01
 -6.22208360e-01 -6.19676600e-01  8.33350960e-01 -2.94730480e-01
  1.04137800e+00  2.79148970e-01  1.04475980e+00  4.32361160e-01
  1.79675610e-01 -6.87199230e-01 -1.05206130e+00 -2.16171800e+00]"
has0head,FALSE,HasanAbi,"[ 1.37839720e-01 -3.40588200e-02  3.96217230e-01 -7.96837150e-01
 -1.04505490e-01 -3.87043740e-01 -2.58709500e-01 -5.16552780e-02
 -3.85314730e-01 -4.76016220e-01 -8.10647800e-01  5.85247600e-01
 -5.86758430e-01 -5.01766740e-01 -8.80701240e-02 -1.31602290e-01
 -8.34764300e-01 -1.10604230e+00  5.20653670e-01  2.46581580e-01
 -5.94466700e-01 -5.45677660e-01  1.01969090e+00 -1.66556400e+00
 -1.86638940e-01  2.00937690e-01 -9.98110830e-01 -1.33308280e-01
 -2.45549870e-01 -4.32762860e-01 -3.19174680e-01 -4.77996300e-01
  6.62991940e-01 -8.08437470e-01 -4.43277480e-01 -4.99610750e-01
 -5.35858800e-01  2.58574340e-01 -1.79512490e-01 -7.66092700e-01
  4.16048440e-01  1.22589074e-01 -5.73789300e-01 -3.38441130e-01
  2.86375430e-01 -5.88360900e-01 -9.74444000e-01 -9.07968000e-01
  1.78927910e-01  6.11008760e-01  2.62410580e-01 -9.92290900e-02
  6.45859400e-01 -3.02559640e-01  4.16115700e-01  2.32236270e-01
  6.76134900e-01 -3.77393870e-01 -3.46028860e-01 -5.94852200e-01
  4.76607470e-01  9.56571600e-01 -2.43652330e-01  4.80530700e-01
  2.50066430e-01 -8.50573700e-01 -6.77379800e-01  3.69863420e-01
  1.52801080e-01  1.50745990e-01  2.45363970e-01 -7.43513760e-01
  5.58485000e-01 -1.27891810e-01 -4.90549000e-01 -2.86841540e-01
 -1.52143540e-01 -2.07401810e-01  3.38652000e-02  8.03351800e-02
 -3.10783860e-01  2.08207980e-02 -1.38402360e-01  4.19571700e-01
  5.17983500e-01 -1.89201240e-01  5.88569750e-02 -4.33647250e-01
 -2.26008180e-01 -1.79706990e-01 -3.68888350e-01 -4.81288520e-01
  1.89649500e-02  1.27094340e-01 -5.22759900e-01 -1.16503164e-01
  7.40743500e-01  2.64025960e-01 -2.39348070e-01  2.56411340e-01
 -1.02813900e+00 -4.10895880e-01 -2.49092470e-01 -2.43754480e-01
  1.63087950e-01  7.50896630e-01  3.70911180e-01  1.34974500e-02
 -3.19855840e-01  8.02518600e-01 -1.15135230e-01  6.32963600e-01
  4.99835400e-02 -1.11949370e+00 -4.43727820e-01  3.08609140e-02
 -5.35823800e-01 -5.20333350e-01  1.50420980e-01 -3.20877670e-01
 -7.85888500e-01  7.29914670e-01  1.72033970e-01  3.47056420e-01
  2.10193510e-01  4.42874370e-01 -3.97525580e-02 -1.92696560e-01
  3.74672600e-02  7.67897700e-02 -6.70120060e-01  1.81495520e-01
  1.81345390e-01 -4.10773830e-02 -2.70866450e-01  5.06999850e-01
 -7.80620200e-01  5.33782960e-01 -1.59937200e-01 -3.19049570e-01
 -3.69879870e-01  9.06787600e-02  7.25401460e-01  3.74184070e-01
  2.72558600e-01  9.52005100e-02  1.50378480e-01  3.91256780e-01
  4.05578970e-01  1.01962760e-01 -8.99822200e-01  2.81121600e-01
 -1.04280310e-01  4.63042600e-01  1.82528970e-01 -2.82386700e-01
 -2.95737500e-01  6.00820900e-01 -1.54747470e-01 -7.22789500e-01
  7.61841060e-01 -7.43088600e-01  4.20570430e-01 -4.24172500e-01
  9.55383200e-03  4.25085930e-01  6.12173200e-02 -9.41100100e-01
  3.94043650e-01 -7.38527060e-01 -1.01009846e-01  4.21691830e-01
  1.11915160e-01 -1.26576870e-01 -9.31341300e-02  4.11907640e-01
  4.78209900e-02 -6.40535400e-01  3.41437820e-01 -8.87043900e-03
  3.42079550e-01 -1.96596240e-01  6.87733700e-02  4.78727100e-01
 -4.06025700e-01 -6.11150700e-01  1.05253000e+00 -1.28414050e+00
 -3.63351370e-01  7.77533900e-01  1.53503180e+00 -6.26247600e-01
  2.48121490e-01 -1.45797850e-01  3.53332500e-01  5.25762800e-01
  6.07381050e-01  1.30711900e+00 -6.47709200e-01  4.79895770e-02
  8.97624970e-01 -5.94368900e-01  9.39981700e-01  5.94241700e-01
  5.65780460e-01 -8.71266600e-01 -9.39305250e-01  3.00555440e-01
 -6.24734100e-01  2.09291580e-02 -6.81471770e-01 -3.79232470e-02
 -1.09783710e+00  1.35277200e+00  5.31931940e-01 -6.90698100e-01
  6.89907700e-01 -3.25611380e-01  8.47621440e-01  7.62306900e-01
  4.84536320e-01 -9.11094900e-01 -1.40017870e-01  4.46283580e-01
 -6.86396700e-01  2.21877190e-01  1.48001000e-01 -5.89440400e-01
  4.27387100e-01 -2.26979320e-01  5.32873870e-01 -1.08585490e-01
  4.92465500e-01 -2.31003090e-01 -1.54472190e-02  8.69660000e-01
  3.34297400e-01  7.94550050e-04 -5.40696100e-01  8.57407900e-01
  1.35651410e+00  4.83021740e-02  2.63403860e-01 -5.23993070e-02
  6.93461900e-01 -2.52963600e-01  1.91138310e-01 -7.69347100e-01
 -1.37789640e-01  2.68922060e-01 -1.00642200e-01  1.20287955e-01
 -6.29105000e-01 -3.43622940e-02  5.18851100e-01  8.34105970e-01
  1.91157010e-01  2.54677390e-01  1.98769230e-01  3.17701460e-01
  9.84679700e-02  5.17989700e-01  2.22652780e-01 -7.36521800e-02
  9.80833200e-02 -3.71385370e-01  2.28647920e-01 -4.10038470e-01
 -4.62769930e-01 -8.63975640e-01  4.73144320e-01 -5.80191300e-01
 -1.79663670e-01 -3.94134040e-01  1.38782070e-02  2.05595780e-01
  5.17760750e-01  3.30359400e-01  9.55611240e-02 -2.05197450e-01
 -3.16417550e-01  8.88838770e-01  7.73163500e-01 -1.31960530e-01
 -2.33915940e-01  3.84846240e-01 -1.29147200e-01  4.91472570e-01
  2.87698980e-01  2.27057010e-01  1.06479880e+00  2.31768710e-01
  4.94632660e-01  2.69884260e-01 -6.04064940e-01 -4.94896140e-01
 -2.44817660e-01  7.60139500e-01 -1.01036880e-01 -9.03341500e-01
 -2.34414220e-01  6.09673500e-01  8.35856100e-01 -7.75937560e-01
 -7.06482900e-02  1.27505650e-01  3.66609930e-01 -1.42293260e-01
  5.51113670e-01  2.85277220e-01 -1.18829940e+00  7.73914100e-02
  1.09675990e+00  4.12622300e-01 -2.86185800e-01 -8.56963040e-01
 -7.98139450e-01  3.34689100e-01  3.23469520e-01  1.47750870e-01
 -6.48911700e-01 -2.49301720e-02  4.42562100e-01 -1.24137420e-01
 -2.66897650e-01  7.53064700e-01  5.71472500e-01 -1.35224330e-01
  6.89108700e-01 -9.99292500e-01 -2.41293830e-01 -3.13330400e-01
 -3.38400420e-01 -3.89740650e-01 -2.56498130e-01  2.47447670e-01
  1.05334170e-01 -1.11305140e-01  1.96747570e-01 -1.28633060e+00
 -2.52187940e-01 -5.65317150e-01  5.65081700e-01  4.71163030e-01
  8.33097040e-01  4.24362840e-01 -1.23196050e+00  7.61077460e-01
 -1.19156790e+00  7.36383200e-01 -1.25493780e+00 -7.02100700e-01
  4.23863740e-01 -8.45189700e-01  6.72288400e-01  2.84834300e-01
 -1.87564880e-01 -2.27767070e-01  6.81769850e-02 -1.95071710e-01
 -1.24726616e-01  3.90180860e-01 -3.60275700e-02  1.58772680e-01
 -3.28958300e-01  4.95780300e-01  6.35335200e-01  2.51975450e-01
  7.51558800e-01 -5.62915700e-01  8.87212500e-01  2.19773200e-01
 -2.95207830e-01  3.06986420e-01 -1.88647370e-01  8.62720850e-01
 -1.24606036e-01  3.86579720e-01 -8.86977850e-01 -6.90092800e-01
 -1.72738690e-01 -7.34994700e-01 -1.68603400e-02 -1.90820850e-03
  1.17968440e+00  3.83588550e-01 -1.43387930e+00 -2.58206930e-01
  6.41328800e-01  3.07871340e-01  5.43999900e-01 -4.87766640e-02
 -4.38328800e-01 -8.30607530e-01 -3.87456120e-02 -3.08975520e-01
  2.76170520e-01 -8.57806500e-02 -9.42506640e-02  4.41424500e-02
 -1.07954420e-01 -4.35001880e-01  6.27682950e-02  1.21248380e-01
 -2.37658720e-01  3.60542460e-02 -8.58290500e-02  4.48478460e-01
  2.76204740e-01 -1.13439660e-01 -8.29532300e-01  6.25831100e-02
  3.18986450e-01 -2.62100340e-01  4.54669100e-01 -6.13354500e-01
 -2.27734360e-01 -4.48447730e-01  4.49229030e-01  1.20951750e+00
 -3.89029440e-01 -6.89478800e-01 -1.25073370e-01 -2.16525110e-01
  6.34663000e-01 -2.34968170e-01  2.48325740e-01  1.11690530e-01
  1.36973790e+00 -6.69880400e-01 -4.78673250e-01  5.18462900e-01
 -2.18527900e-01  2.87005040e-01 -1.01247530e+00 -1.06811550e+00
  3.82021130e-01 -2.58929520e-01 -1.22191730e+00 -2.51987000e-01
 -1.01438090e-01  2.21291520e-02 -7.13514150e-01 -1.00982570e-01
  8.26909200e-02 -5.24243240e-01  5.11418100e-01 -1.33029910e-01
 -1.05780670e+00  6.57445600e-02 -1.30059170e+00  6.41706650e-01
 -1.06716140e+00  7.82767650e-01  4.52319260e-01  1.71173750e-01
  6.03279800e-01  7.99749400e-01  1.71705870e-01  3.55920050e-01
  2.75451870e-01  1.10512210e-01 -2.12315810e-01  2.49870400e-01
 -3.24133600e-01 -3.46301700e-01  5.39991560e-01  5.59666500e-02
  4.44176670e-01  2.36775460e-01 -5.27823400e-01 -5.44468160e-01
  2.15450470e-01  7.83299200e-01 -4.03613920e-01  2.77865920e-01
  4.40190200e-01 -7.93014600e-01  1.06915010e+00 -5.61447500e-01
 -2.11113270e-01  1.10946360e+00 -3.38280620e-01  1.22255130e+00
  1.44617700e-02 -3.78955930e-01 -7.50453300e-02  2.06818710e-01
  9.48955060e-01  5.30071800e-01 -2.31886550e-01  5.87412700e-01
 -6.05219340e-02 -5.91422860e-01 -7.64398800e-02 -3.05068920e-02
  3.71863400e-01 -1.08219650e+00  3.31658360e-01 -4.78015930e-01]"
DANKHACKERMANS,FALSE,HasanAbi,Does not exist
PepeSpit,FALSE,HasanAbi,Does not exist
hasSammie,FALSE,HasanAbi,"[-0.4447784   0.03827794 -0.7981958   0.49993664 -0.15218315  0.32401812
  0.3144911   0.33572415 -0.5285617   0.68645024  0.10677172  0.47508332
  0.01729867 -0.41443637  0.15855895 -0.4851714   0.9056482   0.03907961
  0.04237113  0.487088   -0.4945856  -0.24925697 -0.19087973 -0.12928309
 -0.718818   -0.55375236 -0.07682534  0.5413631  -0.14321868  0.02603628
  0.19112308  0.01759679 -0.29587948 -0.53089553 -0.34338027 -0.14381929
 -0.6724094  -0.04805306  0.2192508   0.2233138   0.41769397  0.45884717
 -0.5226201   0.03646265  0.3142512  -0.6742357   0.29516974  0.32139105
 -0.16992962  0.5293078   0.56428164  0.64954454 -0.8201763  -0.18507472
 -0.9244971  -0.5696198   0.1264132  -0.26205048  0.07976429 -0.23134823
 -0.6491815  -0.02236796  0.38273218  0.14170586  0.1610488  -0.35886747
 -0.3031756  -0.06748136  0.11795709  0.46416578 -0.01980056 -0.26479018
  0.08856343 -0.2532703  -0.60274404 -0.39311692 -0.49062324  0.511479
  0.00211544 -0.14093585  0.3861834   0.06862963  0.01590983  0.63486177
  0.19151506 -0.06804059 -0.2550035   0.50355285  0.05773481  0.5389155
 -0.24599461 -0.04954575  0.19095226 -0.8967927   0.04419034  0.4951429
  0.30502537 -0.4139536   0.1810336   0.31218922 -0.6347284  -0.62920135
  0.3525628  -0.24090049 -0.13886884  0.01165638  0.38630113  0.35833606
  0.1305224   0.6975389  -0.08105179  0.22435778 -0.6086163  -0.8464038
 -0.28610894 -0.35256004  0.25515905  0.21431698 -0.19661553  0.35286325
 -0.5115481  -0.04478297  0.126707    0.31829435  0.5898635  -0.04472734
 -0.25853688 -0.39418384  0.1915381   0.00790365 -0.1506124   0.19242486
 -0.28481862 -0.30391684 -0.05839964  0.00241248  0.20871735 -0.03271018
 -0.9530528  -0.6476949   0.07286444 -0.26965472 -0.11649831  0.14813016
  0.26062632 -0.19873518  0.25334963  0.31895053  0.12678832  0.15725473
 -0.32030302 -0.19688195 -0.24471016  0.49757618 -0.3830401   0.1068593
 -0.12696137  0.25375512  0.31136423 -0.9258696   0.15245199 -0.6147556
  0.2645403  -0.4121403   0.36995232  0.23206145 -0.3598009   0.29666224
 -0.08084337  0.05549937 -0.71143526  0.5970032  -0.09518029  0.7872718
  0.37757576 -0.5159161   0.3660022  -0.23278253  0.7707585   0.11241872
  0.20541959 -0.18792094 -0.53270483 -0.0512316  -0.38412434 -0.5416198
  0.3064032  -0.48256975 -0.00944144  0.24661334 -0.41841713 -0.01280358
  0.05454856 -0.07171369 -0.79022354  0.10986306 -0.1849219   0.45245272
  0.48702487 -0.3238296   0.4411157  -0.12046354  0.3337555   0.34858304
  0.1264911  -0.0550447  -0.7030175  -0.6011229  -0.09517485  0.10779904
 -0.6063846   0.1996992  -0.22357047 -0.2834789   0.21508777 -0.66391885
 -0.5534543  -0.4864823   0.18405704  0.43308926 -0.43210375 -0.03512103
 -0.18694913 -0.44087118 -0.3624656   0.12043142  0.0184481   0.9675554
 -0.48990956  0.5610931  -0.07786404 -0.4744231   0.3523209   0.6549353
  0.7488241   0.6871134  -0.06257734 -0.16615921 -0.575149    0.44236752
  0.7784594   0.20897123  0.09277199 -0.10642241 -0.2524595  -0.807443
  0.2815158  -0.0274185  -0.16240887 -0.57804424  0.87385404  0.36675686
 -0.0847585   0.25842083  0.37542847  0.9917147  -0.10753955 -0.69307667
  0.04533717 -0.30645218  0.7334345   1.0772703   0.15901215 -0.04846245
 -0.02724966 -0.17498913 -0.78546685  0.39302093  0.16496001 -0.9584837
 -0.9702607  -0.11635608  0.25248748  0.14498858 -0.55373067  0.24613132
 -0.37784067  0.00499596  0.01318469 -0.13241234  0.16118322  0.07230172
 -0.01991617  0.26002687 -0.48116264 -0.4134127   0.9689833   0.29168612
  0.12113242  0.47270176  0.44452655  0.34995532  0.08728758  0.31606057
 -0.33924392  0.31437248  0.79272467 -0.27889395 -0.63703555 -0.10296841
  0.60135067 -0.44992477  0.30431825  0.28552395 -0.3812411   0.42243132
 -0.44117567 -0.35347262  0.5651516   0.3073443  -0.20020519  0.14113815
  0.7259645   0.01448958 -0.0131284   0.09925511  0.00903473 -0.05075933
 -0.7534505   0.3498794  -0.30835164 -0.11306956  0.21958761  0.14635521
  0.59790134  0.3947968  -0.3136885  -0.9227895   0.2977158  -0.51642275
  0.35895452  0.390609    0.2198854   0.04140955 -0.07620507  0.2906839
 -0.5892218  -0.2141129   0.4898921  -0.05652785  0.6644436   0.15812081
  0.01843878  0.7549958   1.1766409  -0.47457263  0.08956717 -0.09287744
 -0.54910636 -0.13769242 -0.10500023 -0.02809986 -0.72006565 -0.51150084
  0.23917285  0.39106956 -0.06138951  0.42153007  0.6173679  -0.635978
 -0.21200466  0.2897059   0.03417724  0.43893626 -0.09822588  0.19120531
 -0.17077488  0.67760354 -0.32634053 -0.22646193 -0.0831703   0.396355
  0.6121729  -0.33104885 -0.1349696  -0.32621    -0.04893119  0.13394584
 -0.6145784   0.06110583 -0.6672437   0.6091893  -0.7726098   0.07620703
 -0.07856647 -0.0622625   1.1746542   0.63691926  0.17258155 -0.6795845
  0.8109346  -0.7154562  -0.5226465  -0.37355536  0.5650832   0.10025101
 -0.3387221   0.4382183   0.22080241 -0.14744852  0.06255061  0.26591042
  0.56212354  0.32463914 -0.46608922 -0.23909096  0.0111608  -0.08008425
  0.34041396 -0.45174122 -0.6307096   0.310618   -0.5541793   0.3005582
  0.30264238 -0.58142245 -0.38539767 -1.0113128   0.39968503 -0.05144967
  0.50255567 -0.06456671 -0.03321385  0.30628055 -0.04477343 -0.30908576
 -0.0441771   0.57333434  0.25648203 -0.11000899 -0.15765148  0.18582417
 -0.57406664  0.110971    0.02029671 -0.3971843   0.21707517 -0.38196
 -0.2898926  -0.07089119  0.2557309   0.4176222  -0.3957905  -0.28221264
 -0.10054395 -0.14128543  0.01191229  0.33767    -0.3373823  -0.20638952
 -0.10305849 -0.47535533 -0.14446582  0.7490873  -0.43457475 -0.09836256
 -0.27596325  0.08994087  0.25609347 -0.05809712  0.04967889 -0.24226293
  0.24887837 -0.08307722 -0.55578905  0.33963168 -0.07153419  0.5101371
 -0.1644527  -0.22373258 -0.09405155  0.11009822 -0.23901716  0.02648362
 -0.54154366  0.1897514  -0.5431101  -0.46709594  0.18690708 -0.26198134
  0.4725016   0.22404729  0.49173045  0.38424417  0.54789346  0.18422778
 -0.84375167  0.735362   -0.13044493 -0.7555712  -0.58259547  0.04871537
  0.7284569  -0.33453706 -0.01914671  0.49517268 -0.32173562  0.25076997
  1.075873   -0.12719508]"
PoroSad,TRUE,FALSE,"[ 1.80695590e+00  7.72091800e-01  4.43779980e-01 -1.06409810e+00
 -8.41999100e-02 -2.90491550e-01  5.25429100e-01 -1.34215800e-01
 -4.94708780e-01 -1.50169580e-01  6.45635000e-01 -6.85114500e-01
 -9.41111800e-01 -1.50486810e+00  2.64457760e-01 -3.75552000e-01
  3.89258900e-01 -6.25502800e-01  5.11953800e-01  6.28432600e-01
 -6.30737360e-01 -6.58993660e-01 -7.40600600e-01 -3.61906230e-01
 -7.75251450e-01  8.86817200e-03  7.93333230e-01  1.99451270e-01
  4.43554670e-01 -3.26475800e-01 -2.97115470e-01  7.98639240e-01
 -6.07399600e-01 -3.94871500e-01  1.75393460e-01 -1.12329350e+00
 -5.48748200e-01  1.17834200e-02 -9.09412900e-01 -1.41926200e-01
  3.56794480e-01 -6.21283280e-02 -2.46286230e-01  4.38715200e-01
  9.96678300e-01 -1.68264660e+00  1.06580570e+00 -1.70940100e+00
 -1.69978750e+00  2.98150120e-01 -1.21124500e+00  7.32658450e-01
  1.18791150e+00  3.56309330e-03  8.39499800e-01 -6.96779600e-02
  4.74643300e-01 -7.96842040e-01 -1.07966885e-01 -5.06291030e-01
  1.02929560e-02  2.84104530e-01 -4.38175260e-01 -7.22951600e-01
 -6.72618450e-01 -1.49187540e-01 -1.84632080e-01  1.26921820e-01
  1.37148240e+00 -5.44047360e-01 -1.63169430e-01 -6.12647300e-01
 -1.04597010e+00  5.25122940e-01  4.68007680e-01 -1.00838600e+00
 -3.76875670e-01 -9.10292900e-01  4.36013550e-01  1.87325840e-01
  1.83835730e-01 -1.30996050e+00 -2.72376180e-01 -7.63291600e-01
  1.42896000e-01  5.55948440e-01  1.01030240e-01 -2.47097550e-01
  9.34999400e-01  2.87881900e-01 -3.07947600e-01 -4.73457750e-01
  7.32245500e-01  7.18402740e-01  9.24018260e-01 -3.43813360e-01
  1.09563924e-01  1.74574800e-01  4.36417760e-01 -9.75252030e-01
 -8.14334400e-01  5.59079500e-01  5.92760500e-01 -1.78769420e-02
  4.23081700e-01  1.08673670e+00  4.80701440e-02 -9.64114800e-02
 -3.97979380e-01 -2.41421900e-01 -1.80957820e-01 -1.71743360e-01
 -1.26523350e+00  1.35631000e-01 -5.11345270e-01 -5.96122200e-01
  4.25044060e-01  1.28238480e+00  4.49284600e-01  4.18766230e-01
  5.47714300e-01  4.48087750e-01  2.02271580e-01 -3.06209120e-01
  1.26852620e+00  3.66790320e-01 -5.36978960e-01 -2.60821460e-01
 -1.05275080e-02 -4.10365940e-01  3.58564620e-01  1.61532940e+00
  3.01065920e-01  1.16280410e+00 -1.02962890e+00 -2.86606340e-04
  7.91374300e-01  4.99130870e-01 -2.13741440e-01  4.67165370e-02
 -7.79865400e-01  6.17576660e-01 -7.03352200e-01  1.14783110e+00
 -3.00176950e-01  1.06788740e+00  2.71860170e-02 -6.41831700e-01
 -1.96470360e-01  3.46220000e-01 -1.18885050e+00  4.50476560e-01
  1.24520170e-02  2.67171500e-01 -4.37558900e-01  1.00100500e-01
 -2.58138060e-01  3.50120630e-01 -5.73743340e-01  2.68458160e-01
  4.17168560e-01 -1.96691100e-01  1.37618550e+00  9.02225100e-01
  1.22692680e+00 -5.16930600e-01 -6.20211500e-01 -8.09780840e-01
 -1.55131320e+00 -3.65030280e-02 -4.44953020e-01  1.83441400e-01
  4.74995730e-01 -1.03488050e+00  4.95590720e-01  1.13276520e+00
  1.13925830e+00 -6.72324500e-01  3.99945400e-01  2.74156060e-01
  4.82361950e-02  8.36144270e-01 -8.59785740e-01  5.64367530e-01
  7.57435800e-01  3.65090550e-01  1.06221490e+00  2.25546270e-01
  1.27147470e+00  4.75511880e-01 -5.39814700e-01 -3.03559800e-01
 -8.34897760e-01 -7.50180000e-01 -9.74653540e-01 -6.06242840e-01
 -5.60820640e-01 -2.59964620e-01  3.59174340e-01  5.22684000e-01
  2.54635070e-01  4.99292850e-01 -8.90031100e-01  1.09909670e+00
 -3.84110150e-01  3.72044920e-01 -4.08334800e-01 -2.45423110e-01
 -6.43390800e-01  4.84429660e-01  2.07513970e-03  9.59154960e-01
 -1.42415170e+00  4.20252940e-02  6.80254040e-01  2.60914920e-01
  6.84705100e-01  3.49481430e-01 -4.75738800e-01 -3.38806570e-01
  7.40593750e-02  6.61289930e-01  1.25879060e-01  3.14304980e-01
 -6.93412600e-01  1.02984400e-01 -8.99820700e-01  9.90737300e-02
 -1.10361540e+00 -7.06348860e-04 -4.18472600e-02  4.29497700e-02
  4.05860070e-01 -5.60186900e-01 -2.02584000e-01  8.23420600e-02
 -3.26873400e-01 -8.22653600e-01 -2.51242760e-02  1.88620700e-01
  1.19338155e-01  4.00842500e-02  1.09435770e+00  1.61374230e-01
 -5.91989160e-01 -3.26268800e-01 -4.53564400e-02  3.35198820e-01
 -4.57083500e-01 -2.64277270e-02  8.82542550e-01  5.87079940e-01
 -6.33449300e-01 -1.13239250e+00  5.86815830e-01  6.12305050e-01
  4.42116300e-01  2.39115480e-01  6.63501860e-01 -1.15056790e+00
 -1.01668000e+00 -3.34117400e-02  5.85103330e-01 -1.28260610e+00
  1.37518580e-01  1.15152195e-01 -6.40094600e-02 -5.66777400e-01
 -5.06415250e-01  6.39123540e-02 -6.41763300e-01 -1.23804950e+00
 -7.25514500e-01  1.92200990e-01 -4.92991150e-01 -4.59696440e-01
 -2.54098180e-01 -3.09711750e-01  6.69307530e-01 -7.14951460e-02
 -7.00327340e-01 -1.65047050e-01  1.05599830e+00  1.95923540e-01
  6.93844800e-01  1.20916280e-01  7.84467900e-01 -2.43309240e-01
  6.70497800e-01 -4.72754750e-01 -1.36919930e+00  4.32922200e-01
 -1.89112830e-01 -9.11118700e-01  6.11969900e-01 -9.17113960e-01
 -1.05646590e+00  3.06952000e-01  5.74997960e-01 -4.51137160e-02
 -2.28900630e-01 -1.41012360e-01  3.69085400e-01 -9.82370560e-01
  6.95266070e-01  9.65499400e-02 -4.52312740e-01  7.78102800e-01
  4.66022760e-01 -5.91009740e-01  3.98537280e-01 -2.86430800e-01
  8.89595400e-01 -8.23272650e-01  4.44257100e-01 -3.01273580e-01
 -6.87641200e-01  5.71101840e-01 -2.89223430e-01  9.63471700e-02
  4.33497400e-03  2.81604980e-01  5.89653740e-02  1.09916720e+00
 -1.48761540e-01 -1.00987660e+00  1.70828460e-01 -1.03227290e+00
  7.24703430e-01  3.82146150e-01 -9.02947700e-01  2.75359400e-01
  8.25508650e-01  2.42103160e-01 -1.01965480e+00  2.82934370e-01
  2.21932660e-01 -5.76604250e-01 -4.77636430e-01 -9.48214500e-01
  3.78106470e-01  3.20224020e-01  8.02253540e-01 -1.51014750e-01
 -1.64774670e-03 -5.26050900e-01  6.45235100e-01 -1.35933300e+00
  6.18158700e-01 -2.47879430e-01 -5.88561400e-01  6.27900800e-03
  9.95271000e-01 -1.77248920e-01  5.99951500e-01  3.04777000e-01
 -4.91117540e-02 -2.70302390e-01  1.14100380e+00  2.62709900e-01
  1.55283490e+00  2.80883280e-01  3.65724120e-01  1.75285150e-01
  1.31228300e+00  9.04497400e-01 -9.51512040e-01  2.15859090e-01
 -7.01810200e-01 -5.79784100e-01 -7.97407570e-01  1.99288220e-03
  2.00210330e-01  7.35651800e-01 -1.01094680e+00 -7.71689500e-02
 -5.50654950e-01 -8.92755000e-01 -9.72722840e-02 -6.25955000e-01
  9.56804750e-01 -5.42852160e-01 -3.08684470e-01 -4.48139900e-01
 -2.71823440e-03 -9.33129900e-01 -2.52629300e-01  1.30035700e-01
  4.12358000e-01  3.58397770e-02  7.81399460e-02  9.55975200e-01
  4.69070230e-01  4.60245400e-02  7.42004300e-01  8.55373140e-01
 -6.80042500e-01  7.04679130e-01  1.12127290e+00 -5.92955350e-01
  4.05422660e-01 -2.31432150e-03 -6.11778700e-01  4.76539760e-01
 -5.41643430e-03  6.80662200e-01 -6.18223250e-01 -8.26649900e-01
  2.67664370e-01  5.48815500e-01  1.02335700e+00 -4.39473780e-01
 -9.51224450e-01 -3.41873650e-01  7.47423950e-01  1.83017460e-01
 -7.52132500e-02 -2.37893630e-01 -1.51556180e-01  1.17836060e+00
 -3.23705800e-01  3.65582260e-01 -8.11563000e-01 -3.42147050e-01
 -1.46941290e-01 -2.51376870e-01 -1.55090690e+00  6.94009300e-01
 -6.90797300e-01  7.30914000e-01 -7.21292900e-01  2.11250830e+00
  1.35658520e-01 -1.55962770e-02  5.45533500e-01  3.00945130e-01
  1.92161260e-02 -1.31295920e+00 -6.13419100e-02 -4.37770040e-01
 -1.21679440e-01  1.90961540e-01 -4.15446220e-01 -5.30941900e-01
  9.00438060e-02  7.35381250e-02  1.76092040e-01 -1.22074770e+00
  7.04769850e-01 -2.55588800e-02  1.35665340e-01 -1.02609240e-01
  8.65458000e-02  7.78489000e-01  3.84530160e-01  2.70555170e-01
 -8.92983400e-02 -7.44912400e-01  4.98824270e-02  7.17745100e-02
  2.19308000e-01 -1.27410670e+00 -2.22982400e-01  6.83646800e-01
  1.23769660e+00  9.45367000e-01 -5.48903900e-01  5.28895500e-01
 -7.36691800e-02  9.50604000e-01 -6.18335250e-01 -3.43349500e-01
  1.27233420e+00  8.30347000e-02  3.51530600e-01 -6.65155050e-01
 -4.35597300e-02  1.01176300e+00 -2.93119520e-01 -6.95220300e-01
  1.13710280e+00 -2.53748300e-01  3.07982240e-01  5.98263100e-01
 -2.47624830e-01  1.20476040e+00  2.67147270e-02  1.39977990e+00
 -2.64597700e-01 -1.43652630e+00 -1.94144220e-01 -1.03013680e-01
 -1.34305780e-02  1.58434470e-01  5.34525700e-01 -1.47164750e-02
  4.01874100e-01  2.36689970e-01  9.28216800e-02 -7.77701560e-01]"
StinkyCheese,TRUE,FALSE,"[-6.64744300e-01 -3.18162980e-01  7.48703840e-01 -8.12747800e-01
 -8.57029100e-01  2.10826080e-01  9.01100700e-02  2.04599560e-01
 -1.07418254e-01 -2.39574030e-01 -7.77660550e-01 -2.06395270e-01
 -1.19267050e-01 -1.16382420e+00 -1.14917060e+00  1.06658526e-01
 -3.77511530e-01 -7.73537620e-03  2.83031670e-01 -1.15738235e-01
 -5.04185300e-01 -1.89329250e-01 -2.30356710e-01  8.38310200e-01
 -1.38184750e+00 -1.49363520e+00 -4.56031530e-01  1.00981580e+00
  1.41990800e+00  3.29021330e-01  6.15416470e-01  6.00160240e-01
  1.36162050e+00 -7.29149940e-01  5.10929500e-01  6.16555300e-01
  3.80339400e-01 -6.36558840e-03  5.48915740e-01 -1.62089690e-01
 -2.84489660e-01 -8.01543600e-01 -2.07942700e-01  2.13392930e-01
  6.40880300e-01  4.81744830e-01  2.91362020e-01 -1.30606730e-02
 -6.20236800e-01  1.24312334e-01  7.13372100e-01 -1.63114200e-01
  1.13608030e+00  1.19971060e-01  6.02470300e-01  3.12697020e-01
  7.10945900e-01 -2.22765950e-01 -1.29801870e+00 -1.03600340e+00
 -5.42879400e-03 -4.26320020e-02  8.05412000e-01 -1.17242130e+00
  2.55730720e-01 -1.06191814e-01  1.17778300e+00 -2.32370620e-01
  1.11948690e+00  1.65807040e-01  1.77804510e-01 -4.85823270e-01
 -1.10689640e+00  1.10638700e-01  5.06406550e-01 -2.61133280e-01
  1.34810940e-01 -1.22115540e+00  8.84542640e-01  9.05542400e-01
 -3.90260640e-01 -4.60715950e-01  1.00485560e-01 -3.04028840e-01
 -1.90443650e-01 -2.66543660e-01 -5.26293400e-01 -1.60794460e-02
 -2.98490100e-01  1.20352160e+00 -4.08408760e-01  9.35446500e-01
  7.52597200e-02  3.96002100e-01  4.79076860e-01 -3.37353200e-01
  1.81178220e+00 -3.51344800e-01 -4.24809500e-02 -9.12815630e-01
  7.32093000e-01  2.62494440e-01  2.94061700e-01  1.35899020e-01
 -1.00517460e+00  1.22458760e+00 -2.85271580e-01  8.53800830e-01
 -6.85483800e-01  4.95099720e-02  3.20573720e-01  5.45816500e-01
 -1.37593010e+00 -1.23610770e+00  6.69127050e-01  1.77593370e-01
  4.63144500e-01 -4.20851500e-01 -1.35761070e-01 -1.11899830e+00
  2.21738890e+00  8.09762700e-01  7.32663450e-01  1.23818490e-01
 -6.53084800e-01 -1.25992770e+00  1.56137600e-01 -3.47872600e-02
 -4.00134100e-01  4.70931440e-01 -2.88638230e-01 -1.81751430e-01
  1.60870200e-01  4.83799930e-01  9.36153200e-01  4.58600400e-01
 -7.71851200e-01 -2.99725600e-01 -8.32502840e-01  3.96356800e-01
 -8.71188200e-01 -2.56208840e-01  3.63160450e-02  5.91028200e-01
  3.00845770e-01 -1.40444500e-01  9.10262350e-01 -7.15771140e-01
  1.79158250e+00  1.01726600e+00 -1.22629486e-01  5.98987300e-01
  1.52366090e-01 -2.16032390e-01  9.72895500e-02  6.28175800e-01
  2.43703010e-01  8.43118100e-01  7.03280900e-01 -1.81242050e-01
 -7.10838440e-01  2.61378080e-01  3.15418200e-02  9.82430700e-01
  7.16199000e-01  9.66478600e-03  3.02198100e-01  7.08840800e-01
  3.90942160e-01  8.39603200e-02 -1.40265800e+00  6.05145750e-01
 -2.09745330e-01 -1.02369280e+00  7.15909960e-01  6.35261600e-01
  7.12697570e-01 -2.12176430e-01 -1.71381300e-01  5.52453160e-01
  1.70548800e-01  2.57250340e-01  4.56855740e-01  4.77828770e-01
 -4.11389020e-01 -1.50060160e-01  6.58634960e-01 -1.15133815e-01
  1.56435880e-01 -3.01035080e-01 -1.12005530e+00  6.91372750e-01
  6.09705030e-01  4.50794730e-01 -4.79148500e-02 -1.80005540e-01
 -6.35134300e-01 -6.42662000e-01  2.75886800e-01  1.12218510e+00
 -2.45087710e-01  6.25118430e-01 -2.19711200e-02 -4.73140120e-01
 -3.51511540e-01 -4.80863000e-02  1.95218520e-01  1.01025370e+00
  4.40271050e-01  1.22836280e-01  1.17243215e-01 -8.19639340e-02
 -9.21134800e-01  5.31160350e-01 -4.95263800e-01 -3.71334080e-01
 -6.71196160e-01 -3.34238520e-02 -1.49810430e+00  1.11600170e+00
  1.13703500e+00  5.40106700e-01  1.21516760e+00  1.90022680e-01
  2.13968780e-01 -4.59373330e-01 -3.94667300e-01 -9.31543650e-01
  4.76296870e-01 -6.69321540e-01 -2.10770680e+00 -6.69184270e-01
  1.77641080e-01 -1.65646300e+00 -4.21574450e-02 -1.13322180e-01
  6.46314140e-01 -8.57475200e-01  2.04510030e-01  6.80091500e-01
  3.15662920e-01 -2.06750050e-01  1.06105570e+00 -2.26239640e-01
 -9.19451700e-02  2.84540860e-02  2.19875000e+00  9.06501530e-01
 -5.23080700e-01 -2.00540240e-01  1.42421070e+00  6.65583400e-01
 -6.82931600e-01 -3.45470370e-01 -7.90447400e-01  4.90571470e-01
 -9.06041740e-01  5.21031560e-01  1.14895370e+00  1.15602700e+00
 -3.63799630e-01 -7.74796160e-02  2.05758330e-01 -8.54599830e-01
 -4.48294940e-01 -3.42746600e-01  1.42749210e+00  1.14693664e-01
  8.61071100e-01 -3.62642770e-01 -5.52643200e-01  1.02466520e+00
 -4.32211640e-01  1.25844180e+00 -4.22377320e-01  1.08532420e+00
 -9.63643600e-01 -1.21100630e+00  5.62589880e-02  6.13719170e-01
  3.70087180e-01  1.28204030e-02  7.13607670e-01 -2.32895030e-01
 -1.37662580e+00 -2.81041920e-02  1.08850100e+00  4.06616630e-01
  7.98704000e-01 -4.17766540e-01 -1.06827980e-01  1.34282410e+00
 -5.95824800e-01  9.43063200e-02 -1.41661010e+00  5.51021620e-02
  2.95583300e-01 -9.12504100e-02  3.71459130e-01 -1.12608100e+00
 -7.65093900e-02  1.38654570e+00  9.36757850e-02  8.72557760e-01
  9.58684100e-02 -4.29482760e-01 -3.54439840e-02 -5.10618570e-01
 -7.44221500e-01 -4.77363740e-01 -7.33150100e-01 -8.23922500e-01
 -1.63254420e-01  2.35515220e-01  7.38387100e-01  3.13734530e-01
 -5.33682800e-01  1.05549170e-01  9.91359350e-01 -1.30160210e+00
  4.20453460e-01 -2.10042070e-01 -1.41049500e-01 -7.07749500e-01
  1.29072670e-01 -7.03332540e-01  1.62768440e-01 -3.05826280e-01
  9.46194350e-01 -6.91911160e-01  1.39630760e-01  3.19237230e-01
  1.37047560e-01  3.24999480e-01  1.45103550e+00 -2.67537470e-01
  3.37100600e-01 -2.12032140e-01 -8.04017100e-02 -1.13727720e+00
 -3.12861960e-03  3.21626200e-01 -3.15433400e-01 -5.33294200e-01
  2.19544700e-03  6.25941750e-01  6.25323000e-01  6.63002650e-02
  2.22512700e-01  2.75612320e-01  1.61471140e-01 -7.03421200e-01
  5.00063000e-01  5.39862700e-01  5.84097300e-01  4.90661100e-01
  3.00171140e-01  2.28339720e-01  1.17074700e+00  7.52763750e-01
  1.13677070e+00  5.05359700e-01 -1.23485470e+00  3.64053070e-01
 -1.81771980e+00  4.25659330e-01  1.34922410e+00 -7.85263960e-01
 -2.56544770e-01 -1.19860170e-01 -2.01784760e-02  2.89760700e-01
  1.37749120e+00  1.68835770e+00  3.68215230e-01 -5.66869600e-01
 -1.84164640e-01  8.82423300e-01  3.81464540e-01 -4.97861770e-01
  1.86676030e-01 -2.02841910e-01  3.02935930e-01 -1.14508600e+00
  2.14073300e-01 -1.08837400e+00 -7.76100400e-01 -7.87446700e-01
 -1.08143620e+00  2.98700120e-01  5.21890940e-01  1.00039530e-01
 -4.75335600e-01  2.29927270e-01  3.51637360e-01  5.17038050e-01
  8.50558160e-01  5.08126260e-01 -1.97169400e-02  3.31145200e-01
  2.40140400e-01 -3.61360970e-01  5.42378960e-01  5.03887200e-01
  2.87453110e-01  6.75240700e-01 -2.32487150e+00  8.97364400e-02
 -1.91325910e+00 -8.56074450e-01  1.44658780e+00 -6.38886630e-01
 -8.17589100e-02  4.33714570e-01 -2.83128470e-01 -1.49445670e-01
  5.35791400e-01 -7.51019700e-02 -3.33669250e-01 -2.55974530e-01
  4.47052660e-01  1.09566280e+00 -1.51197930e-01  5.20327150e-01
 -3.79260420e-01  5.38587570e-01  7.54643700e-01  5.26295360e-01
 -7.76771840e-01  1.62860700e-01 -4.23455360e-01  7.24396350e-01
 -7.68424800e-02  1.44236580e-01  3.69399670e-01  9.10185930e-01
 -1.49323640e-01 -3.28611250e-01  6.62112500e-02  4.53439700e-01
 -5.57273800e-01  1.20595080e-02  5.36797760e-01  6.80967600e-02
  1.96362720e-01  1.01924320e+00 -3.98914130e-01 -3.17716900e-01
 -5.17142060e-01 -8.48303440e-01 -7.57435100e-01  4.28843530e-01
  5.27478640e-01  2.54764170e-01 -6.07792300e-01 -9.95272700e-01
 -4.49881200e-01 -1.22782970e+00 -1.18118080e+00 -2.74573560e-02
 -3.29655230e-01 -8.29664470e-01  4.99229600e-02 -1.27037640e+00
 -4.75292240e-02 -4.69256640e-02  3.78505230e-01  7.05538450e-01
 -2.61320900e-01  6.14446160e-01  8.64200200e-01 -1.09123040e+00
 -3.21827440e-01  5.56574760e-02  1.23570060e+00 -2.96488700e-02
  3.67477740e-01 -6.34921250e-01 -3.85799320e-01  4.12704020e-01
  6.81554000e-01 -1.17992160e-01  8.67379800e-01  9.36759350e-01
 -8.96621200e-01 -1.44274500e-01  2.39317280e-01 -6.39745700e-01
 -6.75100800e-01 -1.75599490e-01 -7.15300100e-01  6.69198400e-02
  1.31208100e+00 -5.91067400e-01  1.22533660e+00  1.31896300e+00
  5.43122100e-01  7.98251550e-02  4.70086070e-01 -4.28153660e-01]"
MmmHmm,FALSE,HasanAbi,Does not exist
WhatChamp,FALSE,HasanAbi,Does not exist
PUNCHIES,FALSE,HasanAbi,Does not exist
DIESOFCRINGE,FALSE,HasanAbi,Does not exist
hasKapp,FALSE,HasanAbi,"[-9.33625100e-01 -1.12522380e+00 -8.94175650e-01  6.12089100e-01
 -2.95394540e-01  1.08765040e-01 -8.82155660e-01 -2.67189920e-01
  9.26397300e-02 -7.20958500e-01  2.90703800e-01  3.42591820e-01
 -2.82926840e-02 -3.56084670e-01  4.09920800e-01 -4.75720900e-01
 -4.67521900e-01 -4.41034560e-01  2.53681030e-01  7.40940000e-02
 -9.66107400e-01 -2.30336000e-01 -3.54969260e-01  2.64138370e-01
  1.97296560e-01 -1.21396600e-01 -7.18236740e-01 -3.19695170e-02
 -1.25714110e+00 -1.01129144e-01  5.17919200e-01 -1.42027140e-01
  1.71405800e-01 -4.21231030e-01 -3.00867000e-01 -5.46779300e-01
 -2.76830900e-01 -3.46586400e-01  3.47993940e-01 -9.26201760e-01
 -4.53153340e-01  1.19319200e-01 -5.76885340e-01  3.08524970e-01
  5.43396200e-01 -3.82359200e-01  5.64851760e-01 -4.66835980e-01
  4.15544250e-02  3.61604300e-01  3.32290860e-01  7.96743900e-02
 -2.12441650e-01 -8.09410150e-01 -1.44755720e+00 -2.38823220e-02
  4.47667960e-01 -8.39665400e-01 -2.90763050e-01 -1.25880110e+00
  2.47043680e-01 -5.07075300e-01  3.34098640e-01  5.38613300e-01
  5.53531600e-01 -2.99463300e-01 -2.03842200e-01 -1.50438890e-01
  2.35270680e-01  2.70369900e-01  3.30200550e-01 -1.07654676e-01
 -7.39071000e-02  8.65523600e-02  2.96940700e-01 -3.67053540e-01
 -5.09123100e-02  5.22625860e-01  1.82968870e-01 -5.21433700e-01
  2.88150000e-01  3.44367440e-01  4.32985200e-01  1.83188440e-01
  5.68198860e-01 -3.71231620e-01  3.68412100e-02  2.89412020e-01
 -2.75822500e-01  3.13379020e-01 -8.38943700e-01 -2.94750270e-01
  2.77662900e-01 -9.60069150e-02 -3.07622080e-01 -1.75332490e-01
  4.96322270e-01 -4.96442740e-01  9.59459100e-03  8.87918300e-01
 -3.56891590e-03 -4.08202350e-01  4.31177140e-01  8.71334100e-02
  5.34368750e-01  2.46239300e-01  4.41295560e-01 -2.14818840e-01
  2.78804240e-01  6.27978200e-01 -4.17055600e-01  3.41389330e-01
  5.93582200e-01 -1.23934020e+00 -6.54101600e-01  2.87677500e-01
 -6.39901700e-01 -3.60526740e-02  4.22480970e-01  2.60567220e-01
 -4.63028900e-01 -3.66945340e-02  4.97312720e-01 -3.55383300e-01
  1.02902286e-01  1.18272890e+00 -6.23554400e-01 -2.93109270e-01
 -1.77678480e-01  2.91152180e-01 -1.75884560e-01 -2.89011960e-01
  1.96754370e-01  3.22707500e-01 -1.86682370e-01  3.43173180e-01
 -8.08896700e-01 -1.66111980e-01  3.86645530e-01 -1.19089960e+00
 -2.40450670e-01 -9.23875000e-02  8.44338060e-01 -9.26685500e-02
  2.60199040e-01 -1.31799400e-01  3.52864240e-01  2.41860720e-01
  8.78364740e-01  6.50969600e-01  2.70321460e-01 -6.97980200e-01
  4.46105540e-01 -9.03020500e-01 -1.30455720e-01 -1.17601910e-03
 -1.06083690e-01  3.60724780e-01 -1.82173090e-01 -7.66704560e-01
  2.12940000e-01 -5.60298860e-01 -6.32960000e-01 -3.20215940e-01
 -1.84349670e-01  4.85216700e-02 -4.59760870e-01  4.96169660e-01
  8.21169100e-01  1.55420510e-01 -5.35910400e-01  3.04844600e-01
 -2.96833800e-01  4.29212840e-01  2.83405840e-01  4.29521650e-01
  7.98177100e-01 -1.65553470e-02  3.36285470e-01  4.00417860e-02
  5.56906400e-02  1.02089020e-01 -1.68612210e-01 -1.21798865e-01
 -1.86347540e-01  8.48965300e-01  4.21933300e-01 -2.17334990e-01
 -5.07485900e-01  1.24676880e+00 -3.81110550e-01 -4.79723650e-03
 -1.24533610e-01  1.62346620e-01  8.42728200e-02  2.12995130e-01
 -2.35296530e-01 -9.87248350e-02  4.28552840e-01 -1.75830080e-01
  5.29678170e-01 -7.90896040e-02  8.89763000e-01 -4.76335800e-01
 -2.72885000e-01 -5.92813850e-01  2.14007050e-01  6.69612500e-01
 -4.10595500e-01  9.75826400e-02  8.85585070e-01 -4.23215780e-01
  3.80369100e-01 -1.37267280e-01  3.77920780e-01 -5.12461800e-02
  4.13785070e-01 -1.09492820e-01 -1.44561660e-01  3.07644750e-01
  6.52299750e-02 -2.40756780e-02  5.08914780e-02 -8.56175940e-02
 -1.15399030e-02 -1.53504220e-01  3.41090470e-01 -2.87815440e-02
 -2.90196800e-01  9.98136760e-01  3.87732650e-01 -5.84421680e-02
 -1.41256270e-01  1.32998020e-01  8.84856640e-01  6.00420800e-02
  4.61876650e-02 -1.15417615e-01  4.55338700e-01  7.79403000e-01
  5.18400100e-02 -8.89832100e-01  4.82133660e-01 -7.56341040e-01
  3.11261650e-01  1.58633590e-01  6.69525560e-01 -5.08399200e-02
 -1.66086900e-01  2.80871930e-01  4.18423600e-01  1.03955830e-01
  8.12215570e-01  2.42298260e-01  7.52075200e-02  5.40796900e-01
  9.83663600e-01 -5.65463500e-01 -2.79358060e-01  6.38385950e-01
  5.40024100e-01  8.94736350e-01  6.68697240e-01 -4.33460770e-01
 -3.98706200e-02 -7.87519800e-02 -1.30968680e+00  1.20003514e-01
 -5.03231470e-02 -4.70760050e-01 -8.68616000e-01  3.21299850e-01
  5.04031240e-01 -2.60512860e-01 -4.02836350e-01 -8.08859940e-01
 -9.66392160e-01 -8.15518260e-01  6.43078600e-01 -8.71714530e-01
 -8.85698600e-02  4.24287920e-01  3.74156600e-01 -6.39665840e-01
 -7.10029240e-01 -3.90481920e-01 -8.31092900e-02  1.77643240e-01
  5.51120200e-01 -1.25091220e-01  1.43754200e-01 -5.97593200e-02
 -2.07784460e-01  5.33309200e-01 -3.43522600e-02  3.79233150e-01
 -2.56151940e-01 -2.22356080e-01 -3.32985850e-01 -3.87672540e-01
 -6.49322800e-02 -5.77190940e-01 -2.81586770e-01 -1.99450220e-01
 -5.48900000e-01 -7.23093100e-02  1.36617150e-03 -4.18779000e-01
 -2.50703870e-01 -8.00916600e-01 -4.60960840e-01  1.84665020e-01
  3.98094560e-01  2.15386700e-01 -4.31862700e-02  3.71709970e-01
 -3.52955970e-01 -1.92876220e-01 -4.67720330e-02 -3.17077900e-01
 -5.09371900e-01  1.41639350e-01  9.02048000e-01 -3.75578820e-01
  2.11739840e-01 -1.64378230e-01 -2.18059600e-02 -6.65765300e-01
  2.73893060e-01 -3.62406700e-01 -9.87076000e-02  2.36737500e-01
 -6.41291300e-01 -8.69348940e-01 -4.57615330e-02 -5.27522400e-01
  2.76710420e-01 -1.92642640e-01 -3.26030340e-01 -3.32740430e-01
  4.57831560e-01 -6.26114670e-01 -1.43505170e-01  5.71897500e-01
  7.56923140e-01 -1.21491930e+00 -2.01778920e-01  3.75965120e-01
 -4.86353670e-01 -9.01066140e-02 -1.10761340e-01 -1.34705730e+00
  1.10936440e-01 -3.79004840e-01  3.67596780e-01  9.43356630e-01
 -3.85692950e-01  2.13724970e-01  4.01448040e-01  1.34993210e-01
 -3.82007300e-01  1.53476160e-01 -7.04784200e-01  8.58129200e-01
  1.14332130e-02 -1.51462400e-01  8.48128260e-01  5.78344840e-02
  4.41977680e-01 -5.88330630e-02 -9.63963900e-02  1.47957770e-01
  4.88012500e-01 -2.92374160e-01  1.13290520e-02 -5.73704800e-01
 -2.14066650e-01 -3.86578050e-01  1.27482250e-01  2.20971050e-02
 -3.28488260e-01 -2.55585700e-01 -3.40895600e-01 -6.76221800e-02
  6.80653900e-01  1.19125010e-01  2.45210690e-01  4.16064560e-01
 -9.06573000e-03 -2.33370510e-01 -4.18049800e-02  1.04262840e-01
  4.76899000e-01  8.78605700e-01  6.60282200e-01  6.06735160e-02
  1.06004300e-01  4.26414730e-01 -3.40052000e-03  2.12782770e-01
  6.86953400e-02  6.35695700e-01 -1.95045710e-01 -7.91337700e-01
 -1.29107100e-01 -1.85594190e-01  5.45003240e-01 -5.22102400e-01
 -1.82585840e-01 -6.82878140e-01  8.41667800e-02 -6.95103100e-01
  1.66666980e-01 -3.84333940e-01 -3.38241960e-01 -2.85211300e-01
 -1.73454840e-01  5.43497740e-01  4.54055800e-01 -2.08991510e-01
  2.59657300e-01 -2.44579290e-01 -3.34922970e-02 -5.13615700e-01
  5.32404500e-01 -5.36873160e-01  3.97502060e-01 -6.83334600e-01
  4.98616400e-01  4.33374300e-01  2.13901360e-01  1.79307810e-02
 -2.50663760e-01 -2.65961440e-01 -2.28084240e-01 -3.30710830e-01
  2.48798970e-01 -3.83548680e-01  6.00604360e-01  3.79141480e-01
  5.99017600e-01  9.32878200e-02  1.21020675e-01  4.30886860e-02
 -1.76505640e-01 -9.84014600e-02  1.42244600e-01  3.54324370e-01
 -4.91929700e-01 -1.54968220e-01 -6.51253640e-01 -1.17800440e-02
 -4.90226270e-01  4.50090470e-01  1.13624500e+00 -9.00446530e-01
 -3.62926330e-01 -4.98445750e-01  1.28945470e-01 -7.01020840e-01
 -6.62541900e-01 -4.87091780e-01 -2.17636330e-01  3.52224080e-01
  1.98305570e-02 -8.34293300e-02 -6.19465200e-01 -4.00821800e-01
 -1.16545126e-01  6.29354830e-01 -1.01203080e+00 -8.82446900e-02
 -2.67304870e-02 -2.59925660e-01 -1.25619480e+00 -8.41446000e-02
  5.50187900e-02 -3.55985340e-01  4.56896160e-01 -4.27366440e-01
 -3.52400270e-01  3.87473230e-01  1.54536930e-01  1.19189490e-01
 -4.26509100e-01  6.08910400e-01  5.30044920e-02  6.73291300e-01
  3.90317530e-01 -5.49608770e-01 -1.75281270e-01  8.64736140e-02
  1.06425180e+00 -2.00420470e-01  1.63043720e-01 -9.45649200e-01
 -6.75228100e-01 -2.11231430e-01  5.94794970e-02 -1.34680970e-01]"
hasSilly,FALSE,HasanAbi,"[-0.56211495 -0.3980009   0.67193085  0.14431621  0.1514524   0.76855177
 -0.1488261  -0.03825588 -0.10728099 -0.05447469 -0.7429947  -0.09019183
 -0.53042465 -0.14636366 -0.59448206  0.38581553  0.46809286 -0.5627054
  0.12132253  0.06954037 -0.03208875 -0.32167614  0.25703487 -0.47978762
 -0.7643223  -0.30185655 -0.66594183  0.09866416 -0.8046171  -0.22999686
  0.3075267   0.08243372 -0.13489509 -0.22093008  0.1688581   0.27440238
  0.35232306  0.2537111  -0.8751054   0.2330889  -0.07784633 -0.12923045
  0.25402004  0.22056486  0.6012004  -0.3489917   0.6977044  -0.59832394
  0.3194174   0.139679    0.17579184 -0.1399517  -0.27305198  0.01046019
  0.27260187  0.8114231   0.4629058  -0.50280213 -0.25021365 -1.1088028
  0.8204759  -0.08300167  0.6858147   0.26366186 -0.0054876  -0.65642697
 -0.8760665  -0.81293124  0.59207934 -0.6783493   0.6450592  -0.6859419
 -0.20011097 -0.26564315  0.26604614  0.19859204  0.24755058  0.49442518
 -0.3083628   0.80591226  0.63818     0.5832708  -0.16472079  0.38595477
 -0.19550037 -0.54349655  0.37410772  0.888397   -0.3256755   0.720014
  0.26607746 -0.12429415 -0.00491176 -0.24162439  0.7099393   0.42834425
  0.15332824 -0.14371227  0.2219851  -0.40391985 -0.3284632  -0.2821973
 -0.3441702  -0.5010437   0.19930458  0.5531689   0.20333149  0.34479108
 -0.3549382   1.2325138   0.15013894 -0.5496362  -0.01240982 -0.7516928
 -0.31819052 -0.7624557   0.11084642 -0.20100382  0.6587014  -0.20511557
 -0.18737608  0.09942778  0.8189352   0.48339742  0.526692    0.32733196
  0.2210332   0.23058036  0.6769071  -0.10686183  0.0383627   0.12151881
  0.70780945 -0.8530907   0.0536556  -0.42956045  0.04998352  0.20208184
  0.6477608  -0.73801124 -0.04513133 -0.39778203  0.41140807  0.11401708
 -0.28718743 -0.7929741  -0.03450276  0.10578321  0.4928845   0.02799166
 -0.5079756   0.9092602   0.42446762  0.07342033 -0.8323343  -0.04058872
 -0.84885657  0.7626524   0.02124416 -0.02683158 -0.25175855  0.43143895
  0.1743647   0.42265368  0.44256026 -0.92852175 -0.9227311   0.07127407
  0.5263215   0.02130627 -0.27170634 -0.14248712 -0.5774586   0.16640365
  0.50898856 -0.1385013   0.90250754  0.19283359  0.09569825  0.34882924
 -0.3277485  -0.14110573 -0.7252639   0.25110093 -0.22363292  0.65929306
  0.30433524 -0.7983873   0.24415632  1.6443839  -0.54528844  1.1627941
 -0.9592421   0.26040608  0.00682569  0.7536922  -0.45585364  0.19056687
 -0.44520873  0.26978374  1.0027795   0.20912269  0.38921243 -0.83958143
 -0.8150426  -0.34236655  0.5859604   0.8102487   0.13008685  0.03649161
 -0.9877738   0.6411587   0.2551582  -0.6575224   0.8522302  -0.18570977
  0.4826983   0.13935223  0.69157743  0.9447286  -0.09392569 -0.4479746
 -0.2510522   0.5080456  -0.4340405   0.24718273  0.4138906  -0.523867
  0.0952761   0.8452048   0.03205041 -0.21298496  0.03388858 -0.40901262
  0.14089423 -0.08869237 -0.12686427  0.18442658 -0.35874316  0.26341334
 -0.22472075 -0.9072536   0.23426078 -0.39749512 -0.09951195 -0.7197441
 -0.04872552 -0.03450584 -0.07607327 -0.30672616  0.18201146  0.0740376
  0.7972984  -1.0303208  -0.8421061   0.2628226   0.75840145  0.08726784
  0.19803758  0.91612035 -0.20265265 -0.33294845  0.10484333  0.03978529
  0.17141467  0.03018484 -0.5380668  -0.24377948  0.00182853 -0.3527368
 -0.2593363   0.20081875  0.193957   -0.24327292  0.18131147  0.19060898
 -0.21390449  0.41375238  0.32127783 -0.25993487  0.55322117  0.29852018
 -0.21837167  0.03663877 -0.84654516 -0.89196604 -0.42847914  0.41268414
  0.5935893   0.9629767   0.3743566  -0.68443704 -0.6267398   0.23770086
 -0.45118496 -0.01880509 -0.43146688  0.7349934  -0.68352437 -0.6681938
 -0.23072946 -0.02373754 -0.08947285 -0.15431942  0.1015378  -0.32751402
 -0.5485804  -0.703497    0.13366328 -0.26897964 -0.6116892   0.34382826
  0.36579135 -0.31991637  0.39397576  0.04431866 -0.49999672  0.31186977
 -0.2965143  -0.74292195 -0.20916922 -0.45159602  0.6893057  -0.59912664
  0.03501798  0.3979252  -0.21633734 -0.05030707  0.3435753   0.10786808
  0.32987264 -0.13419327  0.01811847  0.18477528  0.6480323   0.10312012
 -0.27851072 -0.17682783 -0.5218038  -0.0547449   0.17327687  0.30386317
  0.38509205  0.8016979   1.1557214  -0.5404806  -0.06200339  0.6029149
 -0.46101028  0.59755015 -0.56601936  0.35043287 -0.23626122 -0.13929047
  0.27649343  0.22028013 -0.5732097  -0.18330443 -0.00213446 -0.30098668
 -0.6936004  -0.26105568 -0.12790903  0.0275081   0.5333791   0.40517902
  0.9561278  -0.10572578  0.1613424   0.24566758 -0.2516194   0.3177931
  0.00786468  0.34257415 -0.8147855  -0.39504144 -0.52137786  0.72479403
  0.20241255 -0.4834119  -0.89544     0.15698184 -0.27061293  0.54726195
  0.6016694   0.14525335 -0.09371843  0.4210169  -0.1759354   0.06205364
  0.32778087  0.06600778 -0.5622022  -0.37503704  0.00888767  0.39091307
 -1.8224897  -0.11369038 -0.63029987 -0.10810017 -0.09997472  0.8573944
  0.8784345  -0.2773419   0.06669876  0.3513898  -0.02486548 -0.74279237
  0.14323765 -0.78479517  0.0133059   0.02790325  0.06551081  0.75480133
  0.11785819  0.846704    0.09482604 -0.5968386   0.5299513   0.7810523
  0.76953226 -0.0939915  -0.36777806  0.1125418  -0.06032642  0.4066082
  0.38591862  0.39296848  0.78106767  0.05525671  0.14121717  0.23810819
  0.01586624 -0.3445081  -0.22790365 -0.6149407  -0.6204088  -0.9827644
  0.09487402  0.7981085  -0.63477325  0.5791179  -0.4561776   0.03183507
 -0.6346001   0.34599406  0.17747189  0.27616453 -0.28726444 -0.13813095
  0.13308413 -0.2685896  -0.32855332  1.0468613   0.3693133   0.28230238
 -0.45626223  0.07165436 -0.5136974  -0.2895049   0.05346293 -0.2106481
 -0.80764085  0.40314296 -0.23736006 -0.8846635  -0.41404265 -0.478887
 -1.0996741   0.11817688 -0.49130014  0.4917923  -0.44115317 -0.45909286
 -0.03527552 -0.20663548 -0.05438257 -0.22179426 -0.08237609  0.7310561
 -0.38539138  0.81519556  0.12109983  0.4279638   0.13469969  1.1591581
  0.5757294   0.36924064 -0.26764217 -1.1374372  -0.35609448 -0.39981678
  0.0506979   0.54978275  0.14188135  0.36919224 -0.4253925   0.25905183
 -0.13220556  0.6536789 ]"
FLUSH,FALSE,HasanAbi,Does not exist
Tastge,FALSE,HasanAbi,Does not exist
KKona,TRUE,FALSE,"[ 0.14495829 -0.799446   -0.8300433  -0.06136364 -0.8478876  -0.29667962
  1.3569764   0.14027447 -0.79215896  0.4065493   0.4186078  -1.095935
 -0.20459     1.3295554   0.20528258 -1.6755048  -0.16155098 -1.2174518
  2.38648    -0.70347714 -0.60370106 -1.5166608  -0.16770741  0.9112606
 -0.91875434 -0.77761596 -0.08692089  1.1456152   0.43874276 -0.49050945
  0.54650193  0.17746568 -1.536946   -0.5591594   0.44713256 -1.0751263
 -0.7220602   0.53748333 -0.543126    0.12110705 -1.1602923   0.5847833
  0.05348846  0.2604536   1.5898104  -0.5382066  -0.19356197 -0.9091543
  1.1480861   0.32294476  0.21279728  1.6828177   0.92640483  0.18576722
 -0.85362524 -0.8394181   0.5814153  -0.5945205  -0.31509054 -1.3006233
  0.05858627 -0.17357522 -0.33550996 -0.3905548  -0.06265443 -1.48835
  0.2569968  -1.4597757   1.2662027  -0.36963922 -0.13409378 -1.2250731
  0.02604131  1.0498855   0.6985984  -1.0984968  -0.09508308 -2.124246
 -0.36541384 -1.2250298   0.25384447 -1.632072    1.0264472  -2.2092528
  1.1740673  -0.9574002   0.00383339 -0.13422713 -0.04546274  0.21164343
  0.27709064  0.1648245   0.01442069  0.2508627   0.67207545  0.45860898
  1.4158726   0.4326931  -0.73994976  0.95741177 -0.75451094  0.5182269
  0.01925827 -0.07286659  0.05683081 -0.42599064 -0.84843576  0.47360983
  0.11060181  0.70678794 -0.3257364  -0.5982244  -1.8762958  -0.88291633
 -0.59160805  0.8145401  -0.07078604  1.0420711   0.25669214 -0.9255919
 -1.006208    1.1373409   0.544456   -0.08908274  0.5564973   0.87143266
  0.31363854  1.2009248   0.655168    0.7994408   0.03328553 -1.7670968
  0.21759632 -0.7533593   0.6486699   0.24536678  0.5587085  -0.4970694
  0.08318573 -0.38009223 -1.0495234   0.811747    0.73545015 -0.81770885
 -1.4845209  -1.13233     0.68796945  0.04479779  1.0908555   0.8310969
 -0.24138014 -0.35768995  0.5018926   0.94593877  0.670488   -0.65303767
  0.18356335  1.2922182   0.6348719  -0.993481   -0.32865226 -0.6097346
  0.73302114 -0.58038646  1.0369005   0.40370655  0.65368295 -0.66062033
 -1.0509633  -1.7328342   0.10776014 -0.04267993 -0.24391651 -0.41528952
 -1.4272295   0.03986951 -0.6072289  -0.76397645  0.16037023  0.33992225
 -0.07095984  0.6545676  -0.7602623  -0.46027243  1.9000978  -0.49708438
  0.0246285  -0.03933761 -1.1317985   1.1672002   0.82200664 -0.45490766
 -0.19829614  1.0078565   0.2942709   0.02594239 -0.49904254  0.86916137
  0.3270275   1.56773     0.8522624   0.83670807 -0.8358892  -0.01371539
 -0.0491898  -0.32150078  0.00556333 -0.9247925  -0.56824034 -0.10402709
 -0.14954239  0.09778321 -0.36124274  0.3172712  -0.8548389   0.25609216
  0.90765613  0.6659791  -0.17196473  0.44801056  0.32863602  0.25736576
  0.70969313  0.84572476 -1.4613245   0.7143164  -0.74223304 -0.49301785
  1.0483091  -1.2665907   0.09916482  0.31829274  1.1092136  -0.9819628
 -1.5602232   0.5291647  -0.02761829  0.80988777 -0.83078223 -0.5635025
  0.4573742   1.9099492  -0.24272008 -0.38133022 -0.80841285 -0.8024281
  0.51348805  0.9816619  -0.44112316  1.0738455   0.41220617 -0.46783447
  1.6173017  -0.06623086  0.3404796   0.23518384  0.5648093   0.1148656
 -0.13922293  0.03477221 -0.15605271  0.43209043  0.1324187   0.44648948
  0.33276975 -0.9583522  -1.2533009   0.8461997   0.90365034 -1.2651148
  0.8330016   0.85926074 -0.38202566  1.068121   -0.26947102  1.6133982
  0.46228638  0.51306564  1.1865715   0.1180981   1.3532557   0.5726419
  0.4493598  -0.70037717  0.46482924  0.42516884  1.1173489   1.207499
  0.93427694  0.24994889  0.4339023  -0.5997876   0.925695   -1.0269692
 -0.3490679   0.45338777 -0.73599404  0.61148345 -0.97490835 -0.8657566
 -0.8148216   0.7691212   0.5186025  -1.5073922  -0.24612217  0.23888333
  1.5116767   0.15070751 -0.00648717  0.00336052 -0.31497818 -0.25272518
  0.61098546  1.22058    -0.06098285 -0.9797806  -1.6278893  -0.06419773
 -0.19473523 -0.30578268 -0.23165688  0.60325396  0.01354007 -0.910648
  0.47741807 -1.6643595  -0.27601856 -1.2686949   0.08878846  1.100504
 -0.4540963   0.12029679 -1.3254147  -0.8793607  -0.53216547  1.1466495
 -0.76075435  0.3166787  -0.21601191 -0.9939222   0.13966247  0.781429
 -0.6712263  -0.70197874 -0.53963697  0.31842375 -0.84099245 -0.04021629
 -0.8870459   0.9743046   0.20277153 -0.18281032  0.68506074  1.0560703
 -0.89131445 -0.84876317 -0.6533009  -0.9815645  -0.20619717 -1.1896851
  0.9176848   0.32103926 -0.28486595 -0.41948545 -0.4288692  -0.21336623
  0.154593    0.36601353 -1.2384738  -1.2404052   0.49976742  0.30201802
 -0.02131216 -0.54843813 -0.9093219   0.80098426 -1.2493918  -0.48801228
  0.77730334  0.1276852   0.61239034 -1.5246252   0.9423578   0.940644
  0.528594    0.7452978  -0.8990058  -0.29400247  0.3755054  -0.5525167
  0.82340914 -0.586013   -0.0875842  -0.8551311   0.5227697   0.61878276
 -0.6149666  -0.92683303 -0.71415055 -0.28915915  0.59781766 -0.3603635
 -0.19797641 -1.6301029   0.9040697   0.3624424   0.16958162 -2.47583
  0.16338441  0.84903127 -0.13271758  0.74626756  1.3201739   0.39124146
 -0.5475737   0.32947955 -1.3623457  -0.00752469  1.2583213  -0.4685854
 -0.9788606   0.51044047  0.4207015   0.51260716  0.06096472  0.26371017
  1.2034013  -0.34026054  0.37406018 -0.37195367 -0.02719064  1.800657
 -0.2487708  -0.12264524 -0.4489643  -0.5405973   0.17089324 -0.96805966
  1.1019104  -1.2902399  -0.20549121 -0.8453555  -0.0222689  -0.9247395
 -0.41996378  0.43523777 -0.97373146 -0.03431017 -0.7136579  -0.00369599
 -1.1790458   0.88631934 -0.54993266  1.750521    0.54406536 -0.01363913
 -0.40126616  1.7044129   0.51823586 -0.4284409  -0.01896231  0.063616
 -0.41589326 -0.30579504 -1.4643155  -0.6799046   0.09250748 -0.07631851
  1.0996265  -0.43463314 -2.0980566  -0.33297697 -0.45161724 -0.36925718
 -0.3144234  -0.37501746 -0.0523066  -0.3708099  -0.23149058  0.42253304
  0.0692724  -0.08489319  1.0041324  -0.8756811  -0.77902824  0.92671746
 -1.0880952  -0.61013854  0.5376188  -0.18729165  0.1394682   0.37237987
 -0.26654026 -0.5677007  -0.37831965  0.09878378 -0.08148877  0.2039355
  0.14457342 -1.5020622 ]"
RIDING,FALSE,HasanAbi,Does not exist
ItalianHands,FALSE,HasanAbi,Does not exist
HarleyWink,TRUE,FALSE,"[-8.74392900e-01 -5.38148460e-01 -2.51140330e-01  7.81530260e-01
 -7.62031600e-01 -5.37060200e-01  8.06114440e-01 -7.92378070e-01
 -3.91029900e-02  1.45893260e+00 -3.31168530e-01 -1.47154700e-01
  1.31590440e-01 -9.89525560e-01 -8.64577230e-01  1.59723180e-01
  8.72371600e-02 -1.25584890e+00 -1.22671890e+00 -2.28519600e-01
 -1.93809120e-01  1.33264460e+00 -5.20734970e-01 -7.28631400e-01
 -5.11716200e-01 -2.26032810e-01  1.38231810e-01  7.02002600e-02
 -3.09960150e-02 -3.08530600e-01  1.16258070e+00 -2.05595660e-01
  5.68430500e-01 -6.12576900e-02 -6.09518230e-01 -4.52999740e-01
 -7.67186000e-01 -6.44456860e-01 -1.41513420e-01 -7.40254200e-01
 -6.50751400e-02 -6.36953600e-02  7.50305800e-03 -1.13113800e+00
  4.45095930e-01 -8.44146400e-01  1.15904770e+00  2.75224120e-01
  4.68072180e-01 -1.28551360e-01 -9.06677800e-01 -7.06452400e-01
  4.75510270e-01 -4.03370620e-01  3.88247700e-01  8.21590660e-01
 -2.07448570e-01 -4.38216300e-02 -2.40901860e-01  4.23443140e-01
  8.88324440e-01  6.27486270e-03  4.10944500e-01  1.11229260e-01
 -3.37600020e-01 -1.94199280e+00  4.80341600e-01  1.00180660e+00
 -5.73874800e-01 -1.70878350e-01 -6.43586600e-01 -1.89562540e-01
 -3.98710130e-01 -4.06010480e-01 -6.19563160e-01 -8.27070600e-02
  8.60436260e-01  2.95681170e-02  2.32089100e-01  3.63309500e-01
 -8.60685700e-01 -2.99115270e-02 -3.42617570e-01 -3.13014950e-01
  7.87254400e-01  5.26845630e-01  2.03440170e-01  1.77930120e-01
  4.12000720e-01  1.00773550e+00 -1.65016770e+00 -4.08000900e-02
 -7.32814900e-01  8.37048800e-02  1.63416980e-01 -1.93129520e-01
  1.26238110e-01 -3.91935050e-01  1.18046920e+00 -1.23098460e+00
  2.32796940e-01  1.90764740e-01  9.82392250e-01  5.44196600e-01
  9.12315130e-01 -1.86150360e-01  2.31536610e-01  2.24147080e-01
 -6.89751100e-01  1.15715820e-02  2.57458480e-01  2.49762050e-02
  3.74976750e-01  2.29856370e-01  3.86545500e-01 -1.00908770e-01
  1.95252450e-01  1.28069760e+00  3.55918470e-01 -2.14835880e-01
  3.48108620e-01  1.37350730e+00  9.21784500e-01 -3.42374700e-01
  3.26874940e-01 -9.33789600e-01 -8.84018000e-01 -1.09422130e-01
  6.26645100e-01 -1.55905530e+00 -6.54136200e-02  1.71140250e-01
  3.38126720e-01  9.12849200e-01  6.07542930e-01  2.39261720e-01
  2.41671280e-02  4.45186670e-01  4.42930460e-01 -8.90718700e-01
 -2.03813230e-01 -4.67477900e-01 -6.11809800e-01  7.04332400e-01
 -1.27868620e+00  1.02177420e+00  5.28129200e-01  1.80056300e-01
 -3.53355620e-01  6.41063400e-01 -8.09368400e-01  1.40956430e-01
 -5.38093750e-01  1.97793860e-01 -2.54948530e-01  2.62237850e-01
  5.85284770e-01 -8.17257900e-02 -6.04542600e-02  1.23560070e+00
 -1.63927940e-01 -1.26017740e+00  1.22449230e-01  6.44737100e-01
  1.27000490e+00 -3.50818960e-01 -6.70176800e-02 -1.10339450e+00
 -6.33210400e-01 -4.96572940e-01 -2.01995420e-01 -7.15912040e-01
  1.50681790e+00  3.35295050e-01  3.10720130e-02 -4.66430460e-01
  9.99706750e-01  1.12854400e+00  6.20538530e-01  1.20661070e-01
  3.17552180e-01  3.66441880e-01 -1.35634620e-01  1.05561390e+00
 -1.11720110e+00 -4.75358280e-01  9.42738500e-02 -1.44222470e+00
  3.65804260e-01 -4.94280100e-01 -7.97312140e-01  5.41114000e-03
 -1.27117370e-01 -9.16144130e-01 -1.30604240e+00  8.53534400e-01
 -1.00256790e-02  2.81895500e-01 -5.29949370e-02  2.64886980e-01
  4.90847530e-01  7.38191250e-01 -7.74892700e-01  3.65216230e-01
 -5.67970450e-01 -1.55561220e-01  1.00585450e+00 -2.33709340e-01
 -7.92740640e-01 -7.91557400e-01  5.42439300e-01 -4.74473060e-01
  3.96779420e-01  9.10284040e-01 -3.78691740e-02 -1.80530190e+00
  6.52371800e-01  6.67889300e-02  4.23401330e-02 -4.57076040e-01
 -1.32887490e-02  1.54589140e+00  6.51003840e-01  1.42935470e+00
  1.82467760e-01 -3.05990000e-01  1.57370250e+00  3.06835920e-01
 -1.09940240e+00 -1.04920560e-01 -8.69986900e-01 -4.22790130e-02
  4.85486460e-02 -4.33727700e-02  6.65593450e-01  6.30438600e-01
 -4.59909920e-01 -7.35992250e-01 -4.83452680e-01 -7.20753850e-01
 -7.12946500e-01  4.15313300e-01 -2.06008320e-01 -4.08344900e-01
  1.56643230e-03 -7.76110200e-02  8.09904630e-01 -8.34993600e-01
 -4.20675070e-01 -2.73620200e-01  4.44375660e-01  1.29844560e-01
  6.69846060e-01 -7.85918950e-01  5.08902130e-01  8.77585230e-01
  1.02143140e+00  1.05146915e-01  1.59133620e-02  1.83635760e-01
  1.08404150e+00  9.25446030e-01  6.83935300e-01 -7.43684500e-01
 -4.35286340e-01 -4.59991660e-01 -2.93967100e-01  7.66578140e-01
 -1.11018970e-02  9.08853950e-01 -8.59032400e-01 -1.06563754e-01
 -5.14251400e-01 -2.92640700e-01 -5.77128050e-01 -5.93387800e-01
  1.89445670e-01  6.55236000e-02  9.39685460e-01 -4.64468480e-01
  7.55699650e-02  1.26683160e+00  7.12067900e-01  1.15781070e+00
 -7.76707300e-01 -1.17487790e+00  1.81556340e-01 -6.71222030e-01
 -7.04931100e-01  3.94962370e-01 -3.54332740e-02  8.43089000e-01
 -7.72587700e-01 -8.87278800e-01  4.29040900e-01 -3.01571560e-02
 -2.01652770e-01  7.85426300e-02 -2.62097900e-01  1.21159200e+00
  4.97265220e-01  1.35384250e-01  3.35261970e-01  2.91239440e-01
  7.97684700e-02 -6.85064260e-01 -9.13225900e-01 -2.86729160e-01
  6.14044500e-01 -2.97911850e-01 -1.16388515e-01  4.71422460e-01
  4.97591800e-01 -4.62844600e-02  5.41649160e-01 -1.74265920e-01
 -1.43417450e+00 -1.84263620e-01  3.80780970e-01 -6.27569140e-01
 -2.46998300e-01  5.25661470e-01  5.63813570e-01  2.05307620e-01
 -1.14248230e+00  1.15999750e-01 -5.71555300e-01 -1.11225950e+00
 -6.06384340e-01  3.89400040e-01  9.96850360e-02  6.34108700e-01
  5.25721000e-01  9.63128450e-01 -5.83119500e-01 -1.37031250e+00
  9.45577700e-02  4.79621980e-01 -1.31866990e-01  4.52114800e-01
 -1.97425510e-01  8.15109400e-02 -9.36333100e-01  1.15477510e+00
 -1.60361140e-01 -5.40571200e-01  1.02964190e+00 -6.92103400e-02
  2.16066630e-01 -1.12709630e+00 -1.68309880e-02  4.50553060e-01
  6.02980900e-01  1.97766140e-01  7.47571770e-01 -5.28595570e-01
  8.02417800e-01  2.88383160e-01 -8.59252750e-01 -1.02919120e-01
 -5.92424000e-01 -6.58012450e-01  2.86604760e-01  1.84616150e-01
 -4.28069760e-02  1.59244880e+00  4.90135700e-01  1.95427860e-01
 -1.62044040e+00  6.73009700e-01 -2.24578200e-01 -3.37302120e-01
  2.70067270e-01 -3.81535080e-01 -2.14356410e-01 -4.38327460e-01
 -5.04533700e-01 -7.36824400e-01  4.76056400e-01 -4.43163000e-01
  4.89442350e-01 -3.29686280e-01 -2.24400390e-01 -9.98801950e-01
 -4.08736700e-01 -2.03618070e+00  3.03564730e-01 -1.29645600e+00
 -4.36557400e-01  1.07123440e-01 -3.83521740e-01  8.36546200e-02
  1.37662950e-01 -6.78574740e-01  6.86875400e-01  9.14794100e-01
 -5.52216650e-01  4.31256500e-01  4.26978860e-01  6.89704100e-02
  6.31465700e-01 -1.19855310e+00 -7.11755400e-01  2.60794850e-01
 -8.23587660e-01  3.54924000e-01 -1.89405700e+00  6.66519400e-01
 -6.82173500e-01 -9.60112300e-02 -3.59467360e-01  3.67013130e-01
 -1.33244410e-01 -1.07251110e-01  3.95606250e-01  6.32751300e-02
  2.20554010e-01 -5.09811160e-01 -5.51513140e-01 -6.85053800e-01
  1.88431070e-01 -1.87711000e-02  1.10360590e-01 -8.60584400e-01
 -6.03764360e-01  6.70361400e-01 -5.57273450e-01  3.01409540e-01
  4.13089480e-01  3.95554100e-01 -3.66717130e-01  1.02904500e+00
  4.97750970e-01 -2.38605740e-01 -5.26385400e-01 -3.25074460e-02
  7.52278700e-01  8.12598000e-02 -5.18316000e-03 -1.76526980e-02
 -3.24986550e-01  3.62379600e-01 -4.94330700e-01 -2.08491800e-01
  2.28717030e-01  3.25839820e-01  1.86236200e-01 -6.98567150e-01
  9.47576500e-01 -1.38971330e-01 -6.53954900e-01  2.60080020e-02
  1.20086930e+00 -1.08435010e+00 -1.03421204e-01 -5.06968300e-01
 -6.77461500e-01 -1.01965390e+00 -6.57904450e-01 -3.90304650e-01
  1.05846920e+00 -1.02261250e+00  1.58307230e+00 -1.19273000e+00
  6.65511850e-01 -5.15654150e-01 -4.14598020e-01 -1.03575850e-01
  3.36731430e-01  4.13070600e-01 -1.96294920e-01 -5.05102460e-01
 -6.05686960e-01 -8.88671040e-01  5.42980200e-01 -7.14340300e-01
  4.21230900e-01 -6.23035970e-01  1.31735820e-01  1.19370520e+00
  7.25147070e-01 -3.06729970e-01  1.60582720e+00  1.52465420e+00
 -2.32666000e-01  9.80610850e-01 -4.74638970e-01  5.28689150e-01
  1.11062900e+00 -1.13259880e-01  6.26931640e-02 -4.10845460e-01
 -5.01324800e-01 -2.77625800e-01  5.49536760e-01  7.88595740e-01
 -3.47560420e-02 -5.10165770e-02  6.53666200e-01  9.81381360e-01]"
DarkKnight,TRUE,FALSE,"[ 0.9460459  -0.32387277 -0.2979008  -1.0954565  -0.43875676 -0.29288772
  0.9181253  -1.5642524   0.58092624  0.69436854  0.03098381 -0.8022218
 -0.66333866 -0.5349824   0.35806113 -0.22049786  0.5479575  -0.4569488
 -0.35470504 -1.4070413  -0.66613847  1.1370348  -0.45496276  0.36758053
  0.05092446 -0.13945206  0.32816407 -0.37710774  0.23203816 -0.21333946
 -0.15152419 -0.25575963  0.33449897  0.5822087  -0.1257209  -1.2428011
  0.39140692  0.672913    0.4048311  -0.35817474  0.39394143  0.31266037
  0.03575686 -0.36990854  0.45782742 -0.14126801  0.05902308  0.25368103
  0.24528798 -0.6105994  -0.60991704  0.4916849   0.38569325 -0.68294305
 -0.45621744 -0.13894768  0.07826454 -1.0931189   0.43333068  0.30988762
 -0.22603308 -0.19131489  0.1122233  -0.04532555 -0.19347034 -1.3411987
  0.28953958  0.13544165 -1.4330832  -0.03991317  0.06773012 -0.5764457
 -0.35449383 -0.4090372   0.37197894  0.6974158  -0.23343076 -0.2895992
 -0.06428807 -1.2087315  -0.28543523 -0.4181104   0.2790156   0.5432068
  0.6604059   0.64896667 -0.2374108   1.1072458  -0.2704751   0.8439807
 -0.93608266  0.11102258  0.25233138  0.6516067   0.23581262 -0.7176496
 -0.15495484  0.31029302  0.0446434  -0.3199591  -0.06324004 -0.05619498
  0.41002697  0.49002546  0.56536674  0.6188511  -0.14129472  0.7219083
  0.28344482 -0.5861956  -0.7612244  -0.19778992 -0.81640166  0.1605905
 -0.21707825  0.3832875   0.5908494   0.6538639   0.76344925  0.37367588
  0.27420115  1.1616437   0.5217113  -0.90402377  0.01643893  0.1989587
 -0.34805152 -1.0631998   0.65882677 -0.16810709  0.02919323  0.12062954
  0.7572957  -0.47009027 -0.16981407 -0.1864593  -0.12048306  0.17795907
  0.521498   -0.00752013  0.33458316  0.84644985 -0.638893   -0.7936157
 -0.49163494  0.24475336 -0.11296833  0.42270166  0.745192    0.46619263
 -0.34866396 -0.7009849   0.26922166 -0.25366873 -0.44745266  0.7608805
  0.19866766 -0.38393536 -0.1760552   0.14213024  0.02169222 -0.09616607
  0.63925356 -0.16080172 -0.03861429  0.03492626  0.42256203 -0.9993816
  0.06000404  0.3933381  -0.8063286   0.01498976 -0.85253114 -0.3918111
 -0.35011926  0.28494355 -0.43552282  0.19279595 -0.07566037  0.25398397
  0.9333378  -0.12601303  0.42283648 -0.3840238  -0.03018938  0.10845344
 -0.06108953 -0.23240753  0.5290421   0.3308505  -0.8190058   0.22801383
 -0.9513543  -0.44820216  0.13066027  0.04906672  0.14266706  0.17633149
  0.02080146 -0.6786373  -0.05828862  0.4695275  -0.14386916  0.24053757
 -0.6065052  -0.02159089  1.0139376   0.4379098  -0.29546192  0.67490834
 -0.0316671  -1.2947606   0.06319608 -0.5019757   0.5726862  -0.3042234
  0.45101607 -0.53297335 -1.1581582  -0.41786107 -0.38290298 -0.10699702
  0.03663158  0.9714008  -0.0824488  -1.1191651   0.27399263  0.5627594
 -0.35120144  0.00633706 -0.13074854  0.18381903 -0.48285908  0.01278736
  0.13706946 -0.6719994   1.1342562   0.26948738 -0.56952715 -0.6252125
  0.91746026  0.834739   -0.27108642 -0.8064208   0.43498847  0.12731384
  0.4301964   0.00265499 -0.31945097  0.24560058  1.3820255   0.06822386
 -0.541914   -0.3054982  -0.29956627  0.3180509   1.1013112  -0.30890027
  0.6994811  -0.7901731   0.24448162  1.235054    0.19507739 -1.4446754
  0.21219155 -0.3657034  -1.2415181   0.9838018  -0.0020933   0.24894905
 -0.45842084  0.5084945  -0.45787716 -0.5646829  -1.2436705  -1.3609245
 -0.17497113  0.44797882 -0.48224467 -0.38601807  0.27419305  0.42413938
 -0.08967601 -0.32847387 -0.2569762   0.53585917  0.19311449  0.15114804
 -0.42918903  0.02453958 -0.4245979   0.51605535 -0.38838473 -0.73244274
 -0.4286059  -1.019293   -0.45021728 -0.37174326  0.15847434  0.30904245
 -0.2766562   0.3416674   0.46065447  0.47165534  0.41094428 -0.21099687
 -0.27821115  0.74358577  0.30850804 -0.51060003  0.07004416  0.39911324
 -0.25436267 -0.12990507 -0.47306213  0.00178042  0.33931568  0.09020174
 -0.27413833 -0.22151801  0.22420533  0.9158768  -0.44633266  0.5614886
  0.17299193 -0.35569394 -0.1667299  -0.9327802  -0.1875864  -0.7463177
  0.7050807   0.19058315 -0.27256837  0.20532316 -1.0639123  -0.3468915
  0.55039465 -0.3033187  -0.39591834  0.18971528  0.18609174 -0.2673107
 -0.6811863  -0.06753638 -0.27256903 -0.05708598 -0.27138066  0.24101403
 -0.4532807  -0.28064266 -0.36593944  0.13436675 -0.700168    0.04877278
  0.29841867 -0.88612515  0.2945723   1.0470221  -0.19067685  0.62863874
 -0.3052053  -0.56657934 -0.488183   -0.44564843 -0.45135152 -0.02305224
 -0.17914562 -0.11083138 -0.88134843  0.6412368   0.26179355  0.6303856
 -0.02506486 -0.52247494  0.34737968 -0.45985293 -0.07999796 -1.036102
  0.61280113 -0.05986857  0.47060406 -0.16421291  0.01725847 -0.02628758
 -0.5951132  -0.43660182  0.00586172 -0.5069232  -0.1205484  -0.23656604
  0.24174926  0.38515687  0.6613152  -0.1627877   0.42439124  0.01558324
 -0.16483277  0.6747117   0.01598341  0.03249307  0.19839755  0.29925933
  0.5074856  -0.47145316 -0.9761193   0.2276314  -1.3874209  -0.25876755
 -0.8476411  -0.74833536 -0.01632422  0.5826374   0.24109024 -0.07658587
  0.14248948 -0.11701692  0.30568644 -0.10100792  0.33748257  0.22123642
 -0.69812226  1.0320174  -0.10953408 -0.5842372  -0.3140761   0.91157055
 -0.4763602  -0.21888635  0.06685983  1.671275   -0.0291559  -0.3020296
  0.88117874  0.2238078  -0.07515756  0.15559223 -0.20432757 -0.4121019
 -0.4672214   0.20090395 -0.6627506  -1.1867646  -0.3499217  -0.48931295
  0.6297543  -0.5092222   0.38774642  0.03635498 -0.4990826   0.56041116
 -0.5242988  -0.60993    -0.10117415 -0.7209064   0.06240896 -0.71686745
 -0.35596848 -0.48610395 -0.3014953  -0.34303766  0.31948864 -0.50529623
  0.31385818 -0.17777282  0.6588565   0.42633906  0.5456842  -0.7277423
  1.1455655   0.1493536  -0.45467493  0.12429522 -0.12952042 -0.5785439
  0.31674522  0.00306064  0.29832062 -0.46621183 -0.18376309  0.55018127
  0.20819522 -0.28463456  1.2469927   0.6613656   0.3702695   1.2262969
 -0.24346417  0.3619456   1.3628834   0.24937822 -0.3114813  -0.3937458
 -0.25536862 -0.18898633 -0.21560585 -0.52030057  0.38567704 -0.24921717
  0.11792296  0.46359816]"
TransgenderPride,TRUE,FALSE,"[-2.96589850e-01 -3.71442880e-01 -2.76149450e-01  2.20878910e-01
 -1.61157100e-01 -6.78256700e-01 -6.44536700e-02  2.01019600e-01
  7.82481850e-01  3.91734630e-01  1.05988875e-01  5.53407670e-01
  2.64300580e-01  2.01896070e-01  3.56361360e-01 -1.52905400e-01
 -4.94058600e-01 -7.54530300e-01 -1.02262680e+00 -6.36066400e-01
 -2.55849120e-01 -2.43080910e-01 -9.35705200e-01  2.20596340e-01
  3.80763050e-01 -7.10976000e-01  5.30500770e-01  3.06289730e-01
  4.82705530e-01 -5.95732100e-01  9.39808400e-02 -1.51478570e-01
  1.50476840e+00 -1.10034760e+00 -5.51457700e-01 -6.17628630e-01
  3.97231200e-01  8.32451460e-01  1.09688810e+00  7.73044470e-01
 -3.59231620e-01 -4.81566850e-01  7.07706360e-02 -7.27838160e-01
 -6.36265200e-01 -3.65195480e-01  2.91268940e-01 -4.33114650e-01
 -1.40754490e-01 -5.95233500e-01 -3.81225850e-01 -6.82071450e-02
  1.92844200e-01  3.25913640e-01 -6.58148800e-02  1.82460000e-01
  7.15692400e-01 -9.50120400e-01 -5.79432960e-01  1.17176970e-02
  2.42522670e-01  1.16623760e-01  8.06721100e-01  4.36042880e-01
 -1.04259710e-01  1.89619780e-01  4.46508040e-02  4.34637000e-01
 -2.29531260e-01  1.99289230e-01 -1.29434050e-01 -4.03002620e-01
 -1.19155330e-01  3.19422330e-01 -4.77633330e-02 -3.41729400e-01
 -1.70988770e-01  1.17406270e+00 -2.07198130e-01  3.55357400e-01
  2.09107800e-01 -1.55866560e-01  1.54793350e-01  2.48179910e-01
  3.51518500e-01  8.61627700e-01  1.55906130e-01  8.77971300e-01
  4.47103020e-01  6.81305350e-01 -6.88292300e-02  1.69236970e+00
 -1.18471280e+00  4.47118730e-02  6.01333740e-01  1.05496230e+00
  8.69916750e-02 -3.99813900e-01 -8.49640000e-02 -7.46354200e-01
 -6.96792540e-01  1.01195015e-02 -1.29592270e-01 -6.05491100e-02
  5.58213230e-01  4.89921300e-01 -4.42205730e-01  8.06478140e-01
  9.09814660e-01  7.29600500e-01  8.36142660e-01 -1.89302710e-01
 -1.94512980e+00  1.32119150e+00 -4.68789280e-01  9.05542900e-02
  2.97718550e-01  3.48938600e-02 -2.22378090e-01 -1.39101650e-01
  1.21010900e+00  6.98751200e-02  9.13270060e-01 -7.47644400e-01
 -4.05911830e-01 -7.06488100e-01 -1.76210500e-01 -3.45139980e-01
  3.48421160e-01 -4.16120380e-01  3.64449100e-01 -6.07068600e-01
  9.37831940e-01  5.07945870e-02  4.26714330e-01 -7.12268950e-01
  4.17810170e-01 -6.96180460e-01  5.12050870e-01  2.51319470e-01
  1.14600900e+00 -4.07141330e-01  4.15053780e-02 -1.31318990e-01
 -1.00858554e-01  3.83563220e-01  1.04641780e+00 -1.90643980e-02
 -1.66757930e-01  6.30999200e-01 -3.56591000e-01 -1.51352460e-03
 -2.88042900e-01  5.95727100e-01  6.08914300e-01  3.34295300e-01
  4.31576400e-01  2.09902820e-01 -8.94711700e-01  3.61538260e-01
  4.90761400e-01  4.63270700e-01  7.50615300e-01  4.43427980e-01
  5.44197500e-01  5.37596170e-01  5.19357260e-01 -8.26317500e-01
 -5.28624800e-02 -1.78794740e-01 -9.50849240e-01  2.87091520e-01
 -6.51558940e-01  8.06574000e-01  6.99932700e-01 -5.69684860e-01
 -3.17439760e-01  4.24626770e-01  1.10679580e-01  3.18223740e-01
 -1.04077550e+00 -2.00706850e-01 -6.41478400e-01 -8.17328300e-01
  2.57208270e-02  1.67114020e+00 -5.98866500e-02  5.03696100e-01
 -2.23943620e-01  4.17111580e-01 -1.08368136e-01  5.23593070e-01
 -5.67358200e-02  3.81681600e-01 -1.08646770e+00  8.96570760e-02
  1.54026840e-01  2.27199800e-01 -8.13341100e-02  3.58049000e-02
  2.97625270e-01 -9.87861750e-01  2.73944080e-01  4.75946840e-01
 -2.77442800e-01 -1.44121680e-01 -4.76442800e-01 -3.17739960e-02
 -2.72406370e-01  7.54175600e-01 -4.65070340e-01 -2.05851470e-01
 -6.60655440e-01  1.00955280e-01  8.66235200e-03  6.00386300e-01
 -4.05145350e-01  9.70464600e-02  1.40891895e-02  2.12325400e-02
  5.79290300e-01 -7.79707900e-01 -3.99579580e-01  2.68670950e-01
 -1.01402770e+00 -3.30402430e-01 -1.57334420e-01  8.32300400e-02
  2.62933970e-01 -7.47229400e-01  3.32515180e-01  1.00220750e+00
  3.80752530e-01 -7.28736200e-01  7.44901240e-01  3.83553200e-01
 -4.99523130e-01  1.21417485e-01  1.00039600e+00  5.90426600e-01
  6.28561140e-01  3.74880520e-01 -9.98697000e-02  2.34152880e-01
 -6.01127150e-01 -1.39304650e-01  8.20167200e-01  3.90139430e-01
 -2.98148820e-02 -3.91420700e-01  8.54502800e-01  1.85023190e-01
 -1.08540430e+00  1.90911710e-01 -2.02046380e-01 -7.55337800e-01
  7.32485600e-01 -1.21184190e-01  3.15088630e-01  6.90912300e-01
 -2.72384500e-01  3.08830400e-01  4.28610030e-01  3.36471200e-01
  3.17557500e-01 -3.79443000e-01 -2.95073360e-01  4.19412100e-01
 -3.58956580e-01  2.49747460e-01 -8.14320270e-01  9.59134300e-01
 -9.36500800e-01  2.06312340e-01 -7.54826070e-01  6.07329700e-01
 -4.05921640e-01  1.35769430e+00 -9.78652200e-01 -3.60386880e-01
  9.27150900e-01 -2.66464770e-01 -4.49731320e-01  2.72087220e-01
 -3.91490460e-01 -3.64970680e-01 -5.34958240e-01 -7.19485200e-01
  7.40624370e-01 -1.66990610e-01 -5.66110420e-02 -1.05420390e-01
 -7.21487400e-01 -5.56307730e-01 -3.96274950e-01  2.38964190e-01
 -2.89642380e-02 -5.01560150e-01  3.84924600e-02  6.56362650e-01
 -1.22546750e-02  4.87455800e-01  2.95779850e-01  5.57812630e-01
  1.34276360e-01  9.12065150e-01 -4.95550330e-01 -4.28226850e-02
 -2.31349780e-02 -4.09024720e-01 -1.03408770e+00  4.71228300e-01
  5.83928900e-01  5.02561200e-02  1.95558730e-01 -1.13179480e+00
 -1.34678830e+00  2.47130930e-01 -4.05943660e-01  4.31646780e-02
 -2.30474920e-01  3.36980250e-01  2.26956340e-01  7.04951640e-01
 -1.16848940e-01  6.04088900e-03 -4.87300540e-01 -5.71509300e-01
  5.07940100e-01  1.91602950e-01 -7.51290500e-01  5.13739000e-01
 -8.54934930e-01 -2.20928830e-01  3.90735860e-01 -4.92572220e-01
  6.14190160e-01  4.63596370e-01  1.95145700e-01 -3.82378580e-01
  7.61180340e-01 -5.75566050e-01 -4.14691300e-01 -4.02580560e-01
  7.79908600e-01 -2.69317000e-02  1.27385530e+00 -3.86131600e-01
  7.41999800e-01 -5.89487140e-01 -3.49123570e-01  3.13474180e-01
 -2.42870460e-01 -4.22619850e-01  6.63395460e-01  5.20573500e-01
 -4.24968860e-02  2.33976300e-01 -6.19285940e-01 -3.67196440e-01
  3.17448970e-01  7.14782950e-01  2.09204940e-01 -4.09619600e-01
 -2.11909860e-01  3.89159500e-01 -1.43171070e-01 -2.87886680e-01
 -5.62672100e-01  1.80976470e-01  4.55151980e-01 -5.03992000e-01
  1.01715360e+00  5.96116960e-01  4.91519800e-01  4.20470500e-01
 -4.83097100e-01 -2.86964200e-01  9.46608400e-01 -3.47996380e-01
 -4.92614950e-01 -7.53971300e-02 -4.58147470e-01 -1.45604100e+00
 -1.69016730e-01 -1.38128800e-01 -6.66419570e-01 -4.17163370e-01
  4.06849600e-01 -5.02326370e-01 -5.22941720e-02 -3.61004140e-01
  4.77399440e-01  1.20837710e-01 -1.73658740e-01  6.76980440e-01
  3.56897970e-04  2.68891900e-01 -2.10008340e-01 -6.94289500e-02
 -9.43182200e-02 -3.28705430e-01  2.10602910e-01  3.58590870e-01
  9.82158600e-02  6.00181940e-01  6.75583200e-01 -1.21380515e-01
  5.96583000e-01 -1.66529830e-01  5.47322330e-01 -1.42279200e-01
 -7.86755460e-02  8.63843000e-01 -6.06049700e-01 -2.20037130e-01
  5.49035000e-01 -3.17729920e-01 -2.78031050e-01  8.49210100e-02
  1.36321800e-01  7.16272950e-01 -7.53651860e-01 -1.29487160e+00
 -1.40833480e-01  5.32971440e-01 -4.08398270e-01  2.16515680e-01
  3.37747540e-01 -3.91032220e-01 -1.22112910e-01  5.39974200e-01
  4.97783500e-02  5.91643500e-01  4.12919130e-01  2.79585460e-02
  3.91007840e-01  1.45492000e-01 -3.30203380e-01 -4.55450680e-02
 -8.17588270e-01 -4.73488570e-01 -5.63449700e-01 -4.17082040e-01
 -6.54548500e-01  3.90715400e-01  1.34676290e-01  1.45978630e-01
 -4.43709880e-01 -3.71596840e-01 -1.26524760e+00 -1.38433740e+00
  8.21753440e-01  2.39481300e-01 -9.88310200e-02 -8.99782850e-02
 -1.09667200e+00 -2.44470280e-01 -2.95909200e-01 -1.54133810e-01
  2.11616740e-01 -4.05431800e-01  1.23205595e-01  2.83739120e-01
 -6.38607900e-01  3.91250580e-01  1.06501250e+00 -7.49765000e-02
  5.94625300e-01  3.85241360e-01 -4.63767170e-01 -5.81688400e-01
  1.82072160e-01 -5.21322370e-01 -5.75973900e-01 -1.14513710e+00
  8.44595400e-01 -1.39297820e+00 -2.60146600e-01 -3.89244380e-01
 -9.65713300e-04  2.01621280e-02  1.57853820e+00  3.99402650e-01
  7.16197970e-01  1.58517890e+00  6.25747400e-01  6.52238670e-01
  4.62192200e-01 -1.90648200e-01 -3.20199200e-01  3.69752270e-02
  8.83101460e-01  1.06944690e-01 -6.57751560e-01 -1.97039460e-01
  1.82580240e-02 -1.23756310e-01  2.59617240e-01  3.44522630e-01]"
Grrr,FALSE,HasanAbi,Does not exist
:P,TRUE,FALSE,"[ 1.24579910e+00 -6.97051300e-02 -1.75753520e-02 -2.95686440e-02
  3.67448540e-01  1.96205230e-01 -3.63563780e-01  2.20248760e-01
 -8.44615040e-01 -3.86197480e-01 -1.29145280e+00 -4.86186500e-01
  7.20447800e-01 -2.99485860e-01 -6.77658500e-01  7.87014800e-01
 -1.30254790e-01  1.63080140e-01 -1.09368480e-01  7.68382550e-01
 -1.06162020e+00 -5.75698300e-01  1.40855460e+00 -6.04677860e-01
 -1.76277090e-03 -4.35193960e-01 -7.37904900e-02 -7.09320250e-01
 -8.50390340e-02  1.01041030e-01  4.66883500e-01  2.57621970e-01
  2.57679670e-01 -2.04597360e-02  3.74425080e-01 -3.31698330e-01
 -3.92047850e-01 -4.92099730e-01 -9.81502830e-01 -1.13111190e-01
 -1.46890470e+00 -2.98734840e-01 -3.95331900e-01  2.11264830e-01
  6.09292750e-01  1.27860070e-01  2.43651240e-01 -2.01698350e+00
 -4.51028240e-02  6.84046300e-02 -9.62000400e-01  2.57241130e-01
 -4.38970540e-01  1.46646570e-01  9.08186660e-02  7.01584940e-01
 -2.74672500e-01 -6.35412000e-01 -1.24927980e-01  1.17524974e-01
  1.29144460e-01  1.77492530e-01 -1.55165780e-01  4.92086770e-01
  5.84689940e-02 -3.65488350e-01 -7.42967840e-01 -6.32861550e-01
  8.96200600e-01  2.52699330e-02  3.22258000e-01  9.30699200e-02
 -8.07250100e-01  9.05481060e-02 -2.67546200e-01 -8.22062550e-01
 -6.85359060e-01 -4.45460980e-01 -5.95289950e-01  1.10796630e-01
  4.35979100e-01  1.75841040e-02  8.78822270e-01 -3.99882800e-01
  6.08727630e-01  1.34809640e+00  6.04250060e-02  6.68823700e-01
  1.09032480e+00  1.85820650e-01 -1.09111560e+00 -5.35600960e-01
  2.47667460e-01  9.12368100e-01  9.94569300e-02  6.57974560e-02
  4.55221400e-01 -8.75302430e-01 -1.15156510e+00 -7.86280200e-01
  1.17632030e-01  9.11644200e-01  4.84634670e-01 -1.32352950e-01
 -1.16932200e+00  6.33686800e-01 -1.11843510e-01  1.04399090e-01
  4.93658200e-03 -8.99342540e-01  4.76790220e-02  4.37463670e-02
 -9.63926850e-01  4.52827200e-01 -8.36286400e-02 -2.75333280e-02
  1.00702380e+00 -1.73363910e-01  1.74125240e-01  1.00846710e-02
  3.07200850e-01 -4.46416660e-02 -2.49971230e-01  1.07344240e-01
  1.20307760e+00  2.81168580e-01  3.29521980e-01  7.21116100e-01
  5.69158500e-01  5.72156000e-01 -8.33482700e-01 -3.47510250e-01
 -1.84104860e-01  7.22097640e-01  8.22507560e-01  6.33663160e-02
  3.04552800e-01  8.14063700e-01  4.25799700e-01 -2.65628100e-01
 -2.21400990e-01  3.21179120e-01 -9.33067860e-01  1.58514000e-01
  1.37421540e-03 -9.86212600e-02 -5.14398160e-01 -1.09817240e-01
  8.81296200e-01  2.82593370e-01 -3.53359940e-01 -9.30320250e-02
 -6.64971900e-02 -3.79387900e-01 -2.42423130e-01 -4.17539000e-01
 -2.63610450e-01  8.77144300e-01  2.29278160e-01  3.93440500e-01
  3.94930180e-01 -4.92887300e-03 -5.19113800e-01  8.22013740e-01
 -3.99645060e-01  1.17355540e+00 -7.22358500e-01  3.82772540e-01
 -1.05389010e+00 -9.39491900e-02  2.06146760e-01  6.47755440e-01
  9.22902100e-01 -5.64827300e-02  2.81899200e-01 -6.65396500e-01
 -3.07979760e-01 -7.44138000e-01  2.46882600e-02 -4.16246380e-01
 -5.07185760e-01  4.80058250e-01 -6.13868360e-01 -1.89860420e-01
  6.98385240e-01 -6.02428760e-02 -3.85555300e-01  5.71943400e-01
  3.94253300e-02  1.27722600e-01 -2.32538850e-01  1.82353260e-01
 -2.52202330e-01  5.42113200e-01 -4.82207500e-01 -9.97424540e-01
  4.04586320e-01 -9.22165660e-02  4.92226630e-01  4.34256080e-01
 -6.09860540e-01  2.08025960e-01  1.04643280e-02 -8.93480800e-01
 -7.62743950e-02 -5.85124400e-01  2.89051680e-01  8.18635700e-01
  3.29838750e-01 -1.12867190e+00 -1.37498900e-01  1.42708550e-01
 -5.56154400e-01  4.04889020e-01  3.74732580e-01  3.10000060e-01
  3.70830270e-01 -2.76878400e-01  1.39440860e-01  5.90602640e-01
  3.87757570e-01  1.12597845e-01  5.11583900e-01  1.62502690e-01
 -7.32177200e-02  6.11326960e-02 -4.74711870e-01  2.80907200e-01
 -4.94140620e-01 -1.13810540e+00 -2.03947030e-02  1.13447700e-01
  4.04768050e-01 -6.46272000e-01  3.30501620e-01 -1.16000990e+00
 -4.84668250e-01 -6.13798800e-01 -7.30516600e-01 -2.60425600e-01
  8.51700840e-01 -1.59389840e-01 -4.26294100e-01 -4.26280000e-01
  2.05639800e-01  3.73004900e-01  3.26216580e-01  3.04570620e-01
 -2.37613590e-01  4.75345820e-01  5.64351500e-01  6.51530860e-01
  6.77412570e-01 -9.19862500e-01  2.00658780e-01 -5.13719300e-01
  1.05041730e+00  6.59815130e-01 -1.42322350e+00  6.90482560e-02
 -5.59075100e-01  2.96796080e-01  9.15749970e-01 -2.63144640e-01
  1.24057150e+00 -5.11254970e-01 -7.72429500e-01 -1.98894110e-01
  1.65278020e-01  7.63672700e-01 -8.27775500e-02 -5.92103100e-01
  1.65330590e-01 -4.13359730e-01 -1.03412190e+00 -1.67158100e-01
 -4.88178900e-01  1.14900805e-01  4.45054980e-01 -1.00907505e-01
  5.63523200e-01  8.40452130e-01 -2.30532600e-01 -1.18736350e-01
 -4.92789480e-01 -4.79058060e-01  5.30449330e-01 -2.15594830e-01
  6.58576400e-02  2.54893030e-01 -8.27298340e-01  5.82901300e-01
  4.16633640e-01 -1.93554580e-01 -7.40955770e-01 -7.16520700e-01
  1.98493050e-01  7.72587540e-01  2.77517590e-02 -4.28127880e-01
 -1.34281790e+00  1.09318280e+00  9.72114100e-01  6.46959600e-01
  7.15372200e-01 -6.94769200e-01  9.28499100e-01  1.41600800e-01
 -2.68270340e-01  2.67155800e-01  5.62450900e-01 -3.34200500e-01
 -8.43838450e-01  5.09397450e-01 -3.88047960e-01 -2.88311150e-01
 -1.53995910e+00  3.35860370e-01  3.99984360e-01  2.83590440e-01
 -2.02830750e-01 -2.00868670e-01 -6.88347700e-01 -6.63705170e-01
  2.77070280e-01 -6.56318250e-01 -5.47701060e-01 -9.65197400e-01
  6.00073560e-02  8.67175000e-01 -6.91640200e-02  1.40033090e-02
  1.13487430e+00 -1.89783720e-02  4.35247150e-01 -2.46386160e-01
 -1.42423170e-01 -3.66177400e-02  2.59158280e-01 -2.59395780e-01
  3.38526000e-02  2.75815200e-01  1.01820660e-01 -3.95040780e-01
  2.09142540e-01 -2.48158370e-01 -8.44517500e-02 -1.86551960e-01
  6.71873450e-01  2.98075000e-01  1.02237820e-01  3.02405100e-02
  6.19453400e-01  5.92832200e-02 -1.15617150e-01 -1.83271770e-01
 -1.63518860e-01 -5.25323150e-01 -1.76268880e-01  2.08826440e-01
  9.13003860e-01  3.09020940e-01 -3.40585200e-01 -2.39330810e-01
  1.71310560e-01  4.06933840e-01 -3.65197180e-01  4.92215040e-01
  5.77572900e-01  5.04950760e-01 -4.56484850e-01  4.12022140e-01
 -1.65971930e-01  8.78408800e-01 -2.99710450e-01 -1.18673940e+00
  2.54107300e-01 -6.14061060e-01 -3.01468900e-01  7.81110200e-01
  2.11474310e-01 -1.11587085e-01  1.06932580e+00 -7.18131500e-01
  7.41754230e-01 -6.18213600e-01  2.47944070e-01  1.89414440e-01
  9.32735860e-01  3.28354600e-01  7.76691400e-01  2.91773970e-02
 -3.18370400e-01 -1.01790260e+00  4.56679580e-01  1.02973910e+00
  1.91088140e-01 -4.41411260e-01 -6.41326000e-01  8.37671500e-01
  3.73379200e-01  2.04872920e-01  7.82575100e-01 -2.87301450e-01
  7.06184200e-02  2.99061660e-01 -3.87079480e-01  6.00803570e-02
  9.58883200e-02  4.91700170e-01  8.30426930e-01 -6.34026100e-01
  4.99217170e-03  2.16949330e-01  9.47174250e-01 -9.46670650e-01
 -8.85490200e-01  2.95787300e-01  1.24672234e-01  7.07598270e-01
  3.28077500e-01 -6.88789960e-01 -3.53375670e-01 -8.02250060e-02
 -8.19871350e-02  5.87396260e-01  3.95869370e-01  1.45210500e-01
 -9.65855800e-02  2.70332430e-01  9.68043000e-01  7.80643940e-01
  2.72289160e-01  5.55006400e-01 -2.04292970e-01  7.37885830e-01
  7.63727500e-01  1.88235070e-01  2.95251600e-01  3.32095740e-01
 -2.99552920e-01 -5.86523500e-01  4.16964860e-01  5.33539900e-01
 -2.83672180e-01  5.93561800e-01 -2.46506530e-01  1.21512280e-01
 -2.42321340e-01 -3.88067480e-01  6.68930100e-01  1.74756140e-01
 -3.14671200e-01  6.93656400e-01 -1.72653530e-01  1.50669520e-01
  4.82522250e-01 -5.13990200e-01  3.05740900e-01 -4.41257770e-01
 -8.85452570e-01 -8.46842700e-01 -5.28153000e-01 -5.13683800e-01
 -1.90108170e-01  5.42760130e-01 -1.82177750e-01 -6.74496140e-02
  5.23909450e-01 -4.20343400e-01 -7.04070570e-01  4.69612300e-03
 -4.09514100e-02 -1.75139110e-01  2.53807000e-01 -5.78592100e-01
 -7.16040500e-01  2.56040100e-01  5.70812200e-02 -4.55843700e-01
  7.52492800e-01 -1.40049640e-01  1.90766190e-01  3.92121300e-01
 -5.41012640e-01  1.04625550e+00  3.71107280e-01  1.15836940e-01
 -1.67236820e-01  4.58834770e-02  7.67056050e-01  4.57167900e-01
  2.55917640e-01  2.01543800e-01  2.39506240e-01 -2.32391790e-01
  5.58158160e-02 -3.85163600e-01 -8.64242260e-01 -3.42121570e-01]"
dankCrayon,FALSE,HasanAbi,Does not exist
peepoBye,FALSE,HasanAbi,Does not exist
